brice.goglin@ens-lyon.org,kcrashcore@gmail.com
plaes@plaes.org,kcrashcore@gmail.com
brice.goglin@ens-lyon.org,eric@anholt.net
kcrashcore@gmail.com,plaes@plaes.org
plaes@plaes.org,peter.hutterer@who-t.net
mattst88@gmail.com,plaes@plaes.org
eric@anholt.net,plaes@plaes.org
mattst88@gmail.com,peter.hutterer@who-t.net
peter.hutterer@who-t.net,kcrashcore@gmail.com
brice.goglin@ens-lyon.org,plaes@plaes.org
kcrashcore@gmail.com,peter.hutterer@who-t.net
brice.goglin@ens-lyon.org,peter.hutterer@who-t.net
peter.hutterer@who-t.net,eric@anholt.net
peter.hutterer@who-t.net,brice.goglin@ens-lyon.org
plaes@plaes.org,eric@anholt.net
peter.hutterer@who-t.net,plaes@plaes.org
kcrashcore@gmail.com,eric@anholt.net
mattst88@gmail.com,brice.goglin@ens-lyon.org
mattst88@gmail.com,kcrashcore@gmail.com
peter.hutterer@who-t.net,mattst88@gmail.com
mattst88@gmail.com,eric@anholt.net
