avillaci@ceibo.fiec.espol.edu.ec,alexdeucher@gmail.com
avillaci@ceibo.fiec.espol.edu.ec,michel@daenzer.net
michel@tungstengraphics.com,alexdeucher@gmail.com
michel@daenzer.net,michel@tungstengraphics.com
michel@daenzer.net,avillaci@ceibo.fiec.espol.edu.ec
mattst88@gmail.com,avillaci@ceibo.fiec.espol.edu.ec
mattst88@gmail.com,michel@daenzer.net
avillaci@ceibo.fiec.espol.edu.ec,michel@tungstengraphics.com
michel@daenzer.net,alexdeucher@gmail.com
alexdeucher@gmail.com,michel@tungstengraphics.com
mattst88@gmail.com,alexdeucher@gmail.com
michel@tungstengraphics.com,avillaci@ceibo.fiec.espol.edu.ec
mattst88@gmail.com,michel@tungstengraphics.com
alexdeucher@gmail.com,avillaci@ceibo.fiec.espol.edu.ec
