roland.mainz@nrubsig.org,melan@everymail.net
mailoperator@uni.de,melan@everymail.net
sndirsch@suse.de,michel@daenzer.net
alexdeucher@gmail.com,michel@daenzer.net
fabrice@bellet.info,mailoperator@uni.de
alexdeucher@gmail.com,kkozimor@aurox.org
michel@daenzer.net,pgiri@yahoo.com
brix@gentoo.org,sndirsch@suse.de
fabrice@bellet.info,michel@daenzer.net
pgiri@yahoo.com,jj@joakim.pp.fi
kkozimor@aurox.org,mailoperator@uni.de
mailoperator@uni.de,pgiri@yahoo.com
alexdeucher@gmail.com,jj@joakim.pp.fi
sndirsch@suse.de,jj@joakim.pp.fi
melan@everymail.net,mailoperator@uni.de
brix@gentoo.org,jj@joakim.pp.fi
michel@daenzer.net,brix@gentoo.org
roland.mainz@nrubsig.org,mailoperator@uni.de
jj@joakim.pp.fi,michel@daenzer.net
fabrice@bellet.info,melan@everymail.net
kkozimor@aurox.org,fabrice@bellet.info
mat@mshopf.de,jj@joakim.pp.fi
pgiri@yahoo.com,melan@everymail.net
jj@joakim.pp.fi,mailoperator@uni.de
mat@mshopf.de,michel@daenzer.net
alexdeucher@gmail.com,mat@mshopf.de
michel@daenzer.net,kkozimor@aurox.org
roland.mainz@nrubsig.org,alexdeucher@gmail.com
roland.mainz@nrubsig.org,fabrice@bellet.info
michel@daenzer.net,melan@everymail.net
roland.mainz@nrubsig.org,mat@mshopf.de
alexdeucher@gmail.com,melan@everymail.net
alexdeucher@gmail.com,brix@gentoo.org
roland.mainz@nrubsig.org,brix@gentoo.org
brix@gentoo.org,mat@mshopf.de
sndirsch@suse.de,brix@gentoo.org
mat@mshopf.de,melan@everymail.net
pgiri@yahoo.com,kkozimor@aurox.org
pgiri@yahoo.com,sndirsch@suse.de
roland.mainz@nrubsig.org,kkozimor@aurox.org
brix@gentoo.org,fabrice@bellet.info
alexdeucher@gmail.com,pgiri@yahoo.com
pgiri@yahoo.com,michel@daenzer.net
mailoperator@uni.de,michel@daenzer.net
michel@daenzer.net,jj@joakim.pp.fi
fabrice@bellet.info,jj@joakim.pp.fi
pgiri@yahoo.com,mat@mshopf.de
sndirsch@suse.de,melan@everymail.net
mailoperator@uni.de,sndirsch@suse.de
mailoperator@uni.de,jj@joakim.pp.fi
roland.mainz@nrubsig.org,pgiri@yahoo.com
mailoperator@uni.de,mat@mshopf.de
brix@gentoo.org,mailoperator@uni.de
sndirsch@suse.de,pgiri@yahoo.com
roland.mainz@nrubsig.org,jj@joakim.pp.fi
brix@gentoo.org,kkozimor@aurox.org
roland.mainz@nrubsig.org,michel@daenzer.net
sndirsch@suse.de,fabrice@bellet.info
mat@mshopf.de,mailoperator@uni.de
mailoperator@uni.de,brix@gentoo.org
michel@daenzer.net,fabrice@bellet.info
alexdeucher@gmail.com,fabrice@bellet.info
melan@everymail.net,michel@daenzer.net
pgiri@yahoo.com,brix@gentoo.org
roland.mainz@nrubsig.org,sndirsch@suse.de
kkozimor@aurox.org,melan@everymail.net
brix@gentoo.org,michel@daenzer.net
michel@daenzer.net,mat@mshopf.de
pgiri@yahoo.com,fabrice@bellet.info
alexdeucher@gmail.com,sndirsch@suse.de
jj@joakim.pp.fi,melan@everymail.net
mailoperator@uni.de,fabrice@bellet.info
pgiri@yahoo.com,mailoperator@uni.de
alexdeucher@gmail.com,mailoperator@uni.de
michel@daenzer.net,mailoperator@uni.de
brix@gentoo.org,melan@everymail.net
kkozimor@aurox.org,jj@joakim.pp.fi
kkozimor@aurox.org,michel@daenzer.net
sndirsch@suse.de,mailoperator@uni.de
michel@daenzer.net,sndirsch@suse.de
mat@mshopf.de,sndirsch@suse.de
sndirsch@suse.de,mat@mshopf.de
michel@daenzer.net,alexdeucher@gmail.com
sndirsch@suse.de,kkozimor@aurox.org
mailoperator@uni.de,kkozimor@aurox.org
mat@mshopf.de,kkozimor@aurox.org
mat@mshopf.de,fabrice@bellet.info
