freedesktop.zen.ssokolow@spamgourmet.com,peter.hutterer@who-t.net
peter.hutterer@who-t.net,daniel@fooishbar.org
mloiseleur@linagora.com,peter.hutterer@who-t.net
peter.hutterer@who-t.net,sndirsch@suse.de
freedesktop.zen.ssokolow@spamgourmet.com,martin-eric.racine@iki.fi
brice.goglin@ens-lyon.org,daniel@fooishbar.org
peter.hutterer@who-t.net,freedesktop.zen.ssokolow@spamgourmet.com
ossman@cendio.se,sndirsch@suse.de
freedesktop.zen.ssokolow@spamgourmet.com,brice.goglin@ens-lyon.org
ossman@cendio.se,peter.hutterer@who-t.net
sndirsch@suse.de,jcristau@debian.org
jcristau@debian.org,sndirsch@suse.de
peter.hutterer@who-t.net,mloiseleur@linagora.com
jeromeg@xfce.org,brice.goglin@ens-lyon.org
jeromeg@xfce.org,mloiseleur@linagora.com
brice.goglin@ens-lyon.org,jcristau@debian.org
mloiseleur@linagora.com,jcristau@debian.org
jcristau@debian.org,peter.hutterer@who-t.net
jeromeg@xfce.org,martin-eric.racine@iki.fi
martin-eric.racine@iki.fi,sndirsch@suse.de
peter.hutterer@who-t.net,jeromeg@xfce.org
ossman@cendio.se,freedesktop.zen.ssokolow@spamgourmet.com
peter.hutterer@who-t.net,ossman@cendio.se
brice.goglin@ens-lyon.org,peter.hutterer@who-t.net
daniel@fooishbar.org,martin-eric.racine@iki.fi
freedesktop.zen.ssokolow@spamgourmet.com,mloiseleur@linagora.com
sndirsch@suse.de,jeromeg@xfce.org
daniel@fooishbar.org,peter.hutterer@who-t.net
mloiseleur@linagora.com,martin-eric.racine@iki.fi
peter.hutterer@who-t.net,brice.goglin@ens-lyon.org
ossman@cendio.se,daniel@fooishbar.org
ossman@cendio.se,brice.goglin@ens-lyon.org
sndirsch@suse.de,martin-eric.racine@iki.fi
jeromeg@xfce.org,daniel@fooishbar.org
jcristau@debian.org,martin-eric.racine@iki.fi
ossman@cendio.se,martin-eric.racine@iki.fi
freedesktop.zen.ssokolow@spamgourmet.com,jcristau@debian.org
sndirsch@suse.de,brice.goglin@ens-lyon.org
martin-eric.racine@iki.fi,peter.hutterer@who-t.net
ossman@cendio.se,mloiseleur@linagora.com
freedesktop.zen.ssokolow@spamgourmet.com,daniel@fooishbar.org
sndirsch@suse.de,daniel@fooishbar.org
peter.hutterer@who-t.net,martin-eric.racine@iki.fi
mloiseleur@linagora.com,brice.goglin@ens-lyon.org
daniel@fooishbar.org,sndirsch@suse.de
peter.hutterer@who-t.net,jcristau@debian.org
brice.goglin@ens-lyon.org,martin-eric.racine@iki.fi
ossman@cendio.se,jeromeg@xfce.org
freedesktop.zen.ssokolow@spamgourmet.com,jeromeg@xfce.org
jeromeg@xfce.org,peter.hutterer@who-t.net
brice.goglin@ens-lyon.org,sndirsch@suse.de
freedesktop.zen.ssokolow@spamgourmet.com,sndirsch@suse.de
ossman@cendio.se,jcristau@debian.org
mloiseleur@linagora.com,daniel@fooishbar.org
jeromeg@xfce.org,jcristau@debian.org
mloiseleur@linagora.com,sndirsch@suse.de
jeromeg@xfce.org,sndirsch@suse.de
sndirsch@suse.de,peter.hutterer@who-t.net
jcristau@debian.org,daniel@fooishbar.org
sndirsch@suse.de,mloiseleur@linagora.com
