madman2003@gmail.com,daniel@fooishbar.org
linuxhippy@gmail.com,michel@tungstengraphics.com
madman2003@gmail.com,ewalsh@tycho.nsa.gov
michel@daenzer.net,pcjc2@cam.ac.uk
pedretti.fabio@gmail.com,daniel@fooishbar.org
pedretti.fabio@gmail.com,madman2003@gmail.com
madman2003@gmail.com,linuxhippy@gmail.com
michel@daenzer.net,madman2003@gmail.com
zdenek.kabelac@gmail.com,ewalsh@tycho.nsa.gov
zdenek.kabelac@gmail.com,michel@tungstengraphics.com
pedretti.fabio@gmail.com,ewalsh@tycho.nsa.gov
daniel@fooishbar.org,michel@tungstengraphics.com
daniel@fooishbar.org,linuxhippy@gmail.com
michel@daenzer.net,michel@tungstengraphics.com
michel@daenzer.net,zdenek.kabelac@gmail.com
ewalsh@tycho.nsa.gov,madman2003@gmail.com
pedretti.fabio@gmail.com,michel@tungstengraphics.com
madman2003@gmail.com,zdenek.kabelac@gmail.com
michel@daenzer.net,jcristau@debian.org
ewalsh@tycho.nsa.gov,linuxhippy@gmail.com
pedretti.fabio@gmail.com,linuxhippy@gmail.com
jcristau@debian.org,michel@tungstengraphics.com
pedretti.fabio@gmail.com,zdenek.kabelac@gmail.com
pcjc2@cam.ac.uk,ewalsh@tycho.nsa.gov
pcjc2@cam.ac.uk,pedretti.fabio@gmail.com
pcjc2@cam.ac.uk,daniel@fooishbar.org
jcristau@debian.org,madman2003@gmail.com
michel@tungstengraphics.com,linuxhippy@gmail.com
daniel@fooishbar.org,ewalsh@tycho.nsa.gov
michel@daenzer.net,daniel@fooishbar.org
pcjc2@cam.ac.uk,linuxhippy@gmail.com
jcristau@debian.org,zdenek.kabelac@gmail.com
ewalsh@tycho.nsa.gov,daniel@fooishbar.org
jcristau@debian.org,linuxhippy@gmail.com
pcjc2@cam.ac.uk,madman2003@gmail.com
jcristau@debian.org,pedretti.fabio@gmail.com
ewalsh@tycho.nsa.gov,zdenek.kabelac@gmail.com
michel@daenzer.net,linuxhippy@gmail.com
michel@daenzer.net,ewalsh@tycho.nsa.gov
pcjc2@cam.ac.uk,zdenek.kabelac@gmail.com
pcjc2@cam.ac.uk,jcristau@debian.org
pcjc2@cam.ac.uk,michel@tungstengraphics.com
madman2003@gmail.com,michel@tungstengraphics.com
michel@daenzer.net,pedretti.fabio@gmail.com
daniel@fooishbar.org,zdenek.kabelac@gmail.com
ewalsh@tycho.nsa.gov,michel@tungstengraphics.com
jcristau@debian.org,ewalsh@tycho.nsa.gov
zdenek.kabelac@gmail.com,linuxhippy@gmail.com
jcristau@debian.org,daniel@fooishbar.org
