bryanh@giraffe-data.com,koreylu@gmail.com
johndhend@cox.net,jesserayadkins@gmail.com
johndhend@cox.net,bryanh@giraffe-data.com
johndhend@cox.net,koreylu@gmail.com
johndhend@cox.net,alan.coopersmith@oracle.com
alan.coopersmith@oracle.com,koreylu@gmail.com
jesserayadkins@gmail.com,koreylu@gmail.com
alan.coopersmith@oracle.com,jesserayadkins@gmail.com
bryanh@giraffe-data.com,amatus.amongus@gmail.com
bryanh@giraffe-data.com,jesserayadkins@gmail.com
alan.coopersmith@oracle.com,amatus.amongus@gmail.com
amatus.amongus@gmail.com,koreylu@gmail.com
johndhend@cox.net,amatus.amongus@gmail.com
alan.coopersmith@oracle.com,bryanh@giraffe-data.com
amatus.amongus@gmail.com,jesserayadkins@gmail.com
