david.ronis@mcgill.ca,kylek389@gmail.com
michel@daenzer.net,kylek389@gmail.com
soren.sandmann@gmail.com,alan.coopersmith@oracle.com
david.ronis@mcgill.ca,michel@daenzer.net
alan.coopersmith@oracle.com,david.ronis@mcgill.ca
kylek389@gmail.com,michel@daenzer.net
michel@daenzer.net,david.ronis@mcgill.ca
kylek389@gmail.com,david.ronis@mcgill.ca
daleyo@gmail.com,alan.coopersmith@oracle.com
alan.coopersmith@oracle.com,kylek389@gmail.com
david.ronis@mcgill.ca,alan.coopersmith@oracle.com
soren.sandmann@gmail.com,david.ronis@mcgill.ca
kylek389@gmail.com,soren.sandmann@gmail.com
michel@daenzer.net,soren.sandmann@gmail.com
daleyo@gmail.com,michel@daenzer.net
daleyo@gmail.com,soren.sandmann@gmail.com
soren.sandmann@gmail.com,kylek389@gmail.com
soren.sandmann@gmail.com,michel@daenzer.net
daleyo@gmail.com,david.ronis@mcgill.ca
david.ronis@mcgill.ca,soren.sandmann@gmail.com
daleyo@gmail.com,kylek389@gmail.com
kylek389@gmail.com,alan.coopersmith@oracle.com
alan.coopersmith@oracle.com,michel@daenzer.net
michel@daenzer.net,alan.coopersmith@oracle.com
david.ronis@mcgill.ca,daleyo@gmail.com
michel@daenzer.net,daleyo@gmail.com
