gerwin_kramer@hotmail.com,jeremyhu@freedesktop.org
randrik@mail.ru,peter.hutterer@who-t.net
peter.hutterer@who-t.net,adf.lists@gmail.com
jcristau@debian.org,gerwin_kramer@hotmail.com
peter.hutterer@who-t.net,jeremyhu@freedesktop.org
gerwin_kramer@hotmail.com,randrik@mail.ru
adf.lists@gmail.com,jeremyhu@freedesktop.org
jeremyhu@freedesktop.org,randrik@mail.ru
randrik@mail.ru,jeremyhu@freedesktop.org
jcristau@debian.org,randrik@mail.ru
gerwin_kramer@hotmail.com,adf.lists@gmail.com
jcristau@debian.org,peter.hutterer@who-t.net
peter.hutterer@who-t.net,randrik@mail.ru
adf.lists@gmail.com,peter.hutterer@who-t.net
jcristau@debian.org,jeremyhu@freedesktop.org
adf.lists@gmail.com,randrik@mail.ru
jcristau@debian.org,adf.lists@gmail.com
randrik@mail.ru,adf.lists@gmail.com
jeremyhu@freedesktop.org,adf.lists@gmail.com
gerwin_kramer@hotmail.com,peter.hutterer@who-t.net
