michel@daenzer.net,peter.hutterer@who-t.net
michel@daenzer.net,ajax@nwnk.net
ajax@nwnk.net,peter.hutterer@who-t.net
jay.cotton@oracle.com,soren.sandmann@gmail.com
soren.sandmann@gmail.com,alan.coopersmith@oracle.com
michel@daenzer.net,jay.cotton@oracle.com
maxi@own-hero.net,michel@daenzer.net
ajax@nwnk.net,maxi@own-hero.net
peter.hutterer@who-t.net,jay.cotton@oracle.com
peter.hutterer@who-t.net,ajax@nwnk.net
peter.hutterer@who-t.net,maxi@own-hero.net
ajax@nwnk.net,soren.sandmann@gmail.com
michel@daenzer.net,soren.sandmann@gmail.com
maxi@own-hero.net,alan.coopersmith@oracle.com
peter.hutterer@who-t.net,alan.coopersmith@oracle.com
ajax@nwnk.net,michel@daenzer.net
michel@daenzer.net,maxi@own-hero.net
ajax@nwnk.net,alan.coopersmith@oracle.com
ajax@nwnk.net,jay.cotton@oracle.com
peter.hutterer@who-t.net,soren.sandmann@gmail.com
alan.coopersmith@oracle.com,jay.cotton@oracle.com
soren.sandmann@gmail.com,jay.cotton@oracle.com
maxi@own-hero.net,soren.sandmann@gmail.com
michel@daenzer.net,alan.coopersmith@oracle.com
jay.cotton@oracle.com,alan.coopersmith@oracle.com
maxi@own-hero.net,jay.cotton@oracle.com
peter.hutterer@who-t.net,michel@daenzer.net
