david@ixit.cz,gseba@cs.upt.ro
peter.hutterer@who-t.net,adf.lists@gmail.com
gseba@cs.upt.ro,adf.lists@gmail.com
jcristau@debian.org,peter.hutterer@who-t.net
adf.lists@gmail.com,peter.hutterer@who-t.net
gseba@cs.upt.ro,peter.hutterer@who-t.net
jcristau@debian.org,adf.lists@gmail.com
peter.hutterer@who-t.net,gseba@cs.upt.ro
david@ixit.cz,adf.lists@gmail.com
david@ixit.cz,peter.hutterer@who-t.net
gseba@cs.upt.ro,jcristau@debian.org
peter.hutterer@who-t.net,jcristau@debian.org
david@ixit.cz,jcristau@debian.org
peter.hutterer@who-t.net,david@ixit.cz
