jassmith@gmail.com,bryce@osg.samsung.com
chris@chris-wilson.co.uk,peng.li@intel.com
sarvatt@gmail.com,jassmith@gmail.com
michel@daenzer.net,jbarnes@virtuousgeek.org
peo@xaci.be,ebassi@gmail.com
michel@daenzer.net,ebassi@gmail.com
jbarnes@virtuousgeek.org,peo@xaci.be
krh@bitplanet.net,peng.li@intel.com
me@jasonclinton.com,krh@bitplanet.net
jeremyhu@freedesktop.org,me@jasonclinton.com
krh@bitplanet.net,peo@xaci.be
sarvatt@gmail.com,jbarnes@virtuousgeek.org
jbarnes@virtuousgeek.org,michel@daenzer.net
peng.li@intel.com,bryce@osg.samsung.com
jcristau@debian.org,sarvatt@gmail.com
jeremyhu@freedesktop.org,peng.li@intel.com
krh@bitplanet.net,ebassi@gmail.com
jbarnes@virtuousgeek.org,ebassi@gmail.com
ebassi@gmail.com,jcristau@debian.org
michel@daenzer.net,peng.li@intel.com
peng.li@intel.com,sarvatt@gmail.com
jeremyhu@freedesktop.org,michel@daenzer.net
jeremyhu@freedesktop.org,jbarnes@virtuousgeek.org
peo@xaci.be,krh@bitplanet.net
jcristau@debian.org,ebassi@gmail.com
jassmith@gmail.com,peo@xaci.be
sarvatt@gmail.com,peng.li@intel.com
krh@bitplanet.net,jbarnes@virtuousgeek.org
jeremyhu@freedesktop.org,jcristau@debian.org
peng.li@intel.com,jbarnes@virtuousgeek.org
jcristau@debian.org,peo@xaci.be
jassmith@gmail.com,sarvatt@gmail.com
ebassi@gmail.com,peo@xaci.be
krh@bitplanet.net,bryce@osg.samsung.com
jbarnes@virtuousgeek.org,me@jasonclinton.com
bryce@osg.samsung.com,jcristau@debian.org
jbarnes@virtuousgeek.org,krh@bitplanet.net
peng.li@intel.com,peo@xaci.be
chris@chris-wilson.co.uk,sarvatt@gmail.com
jeremyhu@freedesktop.org,sarvatt@gmail.com
peng.li@intel.com,jassmith@gmail.com
jcristau@debian.org,bryce@osg.samsung.com
michel@daenzer.net,peo@xaci.be
sarvatt@gmail.com,bryce@osg.samsung.com
michel@daenzer.net,jcristau@debian.org
jcristau@debian.org,jassmith@gmail.com
jassmith@gmail.com,me@jasonclinton.com
jbarnes@virtuousgeek.org,bryce@osg.samsung.com
jcristau@debian.org,jbarnes@virtuousgeek.org
jbarnes@virtuousgeek.org,peng.li@intel.com
me@jasonclinton.com,peo@xaci.be
jcristau@debian.org,peng.li@intel.com
chris@chris-wilson.co.uk,bryce@osg.samsung.com
jeremyhu@freedesktop.org,ebassi@gmail.com
jbarnes@virtuousgeek.org,sarvatt@gmail.com
jeremyhu@freedesktop.org,bryce@osg.samsung.com
sarvatt@gmail.com,krh@bitplanet.net
peo@xaci.be,me@jasonclinton.com
chris@chris-wilson.co.uk,jassmith@gmail.com
jeremyhu@freedesktop.org,chris@chris-wilson.co.uk
michel@daenzer.net,sarvatt@gmail.com
chris@chris-wilson.co.uk,jcristau@debian.org
bryce@osg.samsung.com,peo@xaci.be
jeremyhu@freedesktop.org,jassmith@gmail.com
chris@chris-wilson.co.uk,me@jasonclinton.com
peo@xaci.be,jcristau@debian.org
krh@bitplanet.net,michel@daenzer.net
bryce@osg.samsung.com,krh@bitplanet.net
krh@bitplanet.net,sarvatt@gmail.com
ebassi@gmail.com,krh@bitplanet.net
jbarnes@virtuousgeek.org,jcristau@debian.org
jassmith@gmail.com,krh@bitplanet.net
peo@xaci.be,sarvatt@gmail.com
sarvatt@gmail.com,peo@xaci.be
krh@bitplanet.net,jassmith@gmail.com
peng.li@intel.com,jcristau@debian.org
krh@bitplanet.net,me@jasonclinton.com
jbarnes@virtuousgeek.org,jassmith@gmail.com
michel@daenzer.net,krh@bitplanet.net
michel@daenzer.net,bryce@osg.samsung.com
bryce@osg.samsung.com,sarvatt@gmail.com
sarvatt@gmail.com,me@jasonclinton.com
michel@daenzer.net,jassmith@gmail.com
bryce@osg.samsung.com,ebassi@gmail.com
krh@bitplanet.net,jcristau@debian.org
sarvatt@gmail.com,michel@daenzer.net
chris@chris-wilson.co.uk,michel@daenzer.net
jeremyhu@freedesktop.org,peo@xaci.be
sarvatt@gmail.com,jcristau@debian.org
peo@xaci.be,bryce@osg.samsung.com
jeremyhu@freedesktop.org,krh@bitplanet.net
jcristau@debian.org,krh@bitplanet.net
ebassi@gmail.com,me@jasonclinton.com
chris@chris-wilson.co.uk,jbarnes@virtuousgeek.org
peng.li@intel.com,me@jasonclinton.com
chris@chris-wilson.co.uk,ebassi@gmail.com
sarvatt@gmail.com,ebassi@gmail.com
chris@chris-wilson.co.uk,peo@xaci.be
bryce@osg.samsung.com,me@jasonclinton.com
peng.li@intel.com,michel@daenzer.net
peng.li@intel.com,krh@bitplanet.net
jassmith@gmail.com,jcristau@debian.org
chris@chris-wilson.co.uk,krh@bitplanet.net
jcristau@debian.org,michel@daenzer.net
jassmith@gmail.com,ebassi@gmail.com
peng.li@intel.com,ebassi@gmail.com
jcristau@debian.org,me@jasonclinton.com
michel@daenzer.net,me@jasonclinton.com
