jcristau@debian.org,bgmilne@mandriva.org
sveinung84@users.sourceforge.net,yakui.zhao@intel.com
colin@mageia.org,yakui.zhao@intel.com
sveinung84@users.sourceforge.net,bgmilne@mandriva.org
bgmilne@mandriva.org,jcristau@debian.org
yakui.zhao@intel.com,bgmilne@mandriva.org
yakui.zhao@intel.com,sveinung84@users.sourceforge.net
yakui.zhao@intel.com,colin@mageia.org
bgmilne@mandriva.org,yakui.zhao@intel.com
colin@mageia.org,bgmilne@mandriva.org
sveinung84@users.sourceforge.net,colin@mageia.org
sveinung84@users.sourceforge.net,jcristau@debian.org
colin@mageia.org,jcristau@debian.org
yakui.zhao@intel.com,jcristau@debian.org
