wenzhuo@zhmail.com,bryce@osg.samsung.com
suokkos@gmail.com,bryce@osg.samsung.com
michel@daenzer.net,suokkos@gmail.com
jcristau@debian.org,wenzhuo@zhmail.com
michel@daenzer.net,wenzhuo@zhmail.com
jcristau@debian.org,bryce@osg.samsung.com
bryce@osg.samsung.com,michel@daenzer.net
wenzhuo@zhmail.com,suokkos@gmail.com
bryce@osg.samsung.com,wenzhuo@zhmail.com
jcristau@debian.org,suokkos@gmail.com
michel@daenzer.net,bryce@osg.samsung.com
wenzhuo@zhmail.com,michel@daenzer.net
bryce@osg.samsung.com,suokkos@gmail.com
jcristau@debian.org,michel@daenzer.net
suokkos@gmail.com,michel@daenzer.net
