commiethebeastie@gmail.com,michel@daenzer.net
petr.pisar@atlas.cz,lukebenes@hotmail.com
michel@daenzer.net,linux@rainbow-software.org
petr.pisar@atlas.cz,linux@rainbow-software.org
linux@rainbow-software.org,alexdeucher@gmail.com
petr.pisar@atlas.cz,michel@daenzer.net
lukebenes@hotmail.com,fog@udden.net
petr.pisar@atlas.cz,commiethebeastie@gmail.com
petr.pisar@atlas.cz,alexdeucher@gmail.com
michel@daenzer.net,commiethebeastie@gmail.com
commiethebeastie@gmail.com,alexdeucher@gmail.com
linux@rainbow-software.org,michel@daenzer.net
michel@daenzer.net,fog@udden.net
fog@udden.net,alexdeucher@gmail.com
lukebenes@hotmail.com,petr.pisar@atlas.cz
michel@daenzer.net,petr.pisar@atlas.cz
fog@udden.net,linux@rainbow-software.org
lukebenes@hotmail.com,linux@rainbow-software.org
commiethebeastie@gmail.com,linux@rainbow-software.org
michel@daenzer.net,alexdeucher@gmail.com
fog@udden.net,michel@daenzer.net
lukebenes@hotmail.com,alexdeucher@gmail.com
lukebenes@hotmail.com,commiethebeastie@gmail.com
michel@daenzer.net,lukebenes@hotmail.com
petr.pisar@atlas.cz,fog@udden.net
lukebenes@hotmail.com,michel@daenzer.net
alexdeucher@gmail.com,linux@rainbow-software.org
fog@udden.net,commiethebeastie@gmail.com
