bugs.freedesktop.org@rolf.leggewie.biz,stefan@konink.de
bugs.freedesktop.org@rolf.leggewie.biz,peter.hutterer@who-t.net
peter.hutterer@who-t.net,stefan@konink.de
chad.miller@canonical.com,peter.hutterer@who-t.net
peter.hutterer@who-t.net,noordsij@cs.helsinki.fi
peter.hutterer@who-t.net,chad.miller@canonical.com
stefan@konink.de,chad.miller@canonical.com
stefan@konink.de,bugs.freedesktop.org@rolf.leggewie.biz
noordsij@cs.helsinki.fi,stefan@konink.de
chad.miller@canonical.com,stefan@konink.de
noordsij@cs.helsinki.fi,chad.miller@canonical.com
chad.miller@canonical.com,bugs.freedesktop.org@rolf.leggewie.biz
noordsij@cs.helsinki.fi,peter.hutterer@who-t.net
noordsij@cs.helsinki.fi,bugs.freedesktop.org@rolf.leggewie.biz
stefan@konink.de,peter.hutterer@who-t.net
peter.hutterer@who-t.net,bugs.freedesktop.org@rolf.leggewie.biz
stefan@konink.de,noordsij@cs.helsinki.fi
