eric@anholt.net,randrik@mail.ru
michel@tungstengraphics.com,michael.fu@intel.com
michael.fu@intel.com,michel@tungstengraphics.com
randrik@mail.ru,michel@tungstengraphics.com
eric@anholt.net,michael.fu@intel.com
eric@anholt.net,michel@daenzer.net
michel@daenzer.net,michel@tungstengraphics.com
michel@daenzer.net,michael.fu@intel.com
michel@tungstengraphics.com,randrik@mail.ru
eric@anholt.net,michel@tungstengraphics.com
michael.fu@intel.com,randrik@mail.ru
michel@daenzer.net,randrik@mail.ru
randrik@mail.ru,eric@anholt.net
randrik@mail.ru,michael.fu@intel.com
randrik@mail.ru,michel@daenzer.net
