david@hardeman.nu,gordon.jin@intel.com
idr@freedesktop.org,xunx.fang@intel.com
jbarnes@virtuousgeek.org,xunx.fang@intel.com
david@hardeman.nu,xunx.fang@intel.com
jian.j.zhao@intel.com,xunx.fang@intel.com
jian.j.zhao@intel.com,gordon.jin@intel.com
elizabethx.de.la.torre.mena@intel.com,jbarnes@virtuousgeek.org
elizabethx.de.la.torre.mena@intel.com,gordon.jin@intel.com
gordon.jin@intel.com,xunx.fang@intel.com
xunx.fang@intel.com,gordon.jin@intel.com
elizabethx.de.la.torre.mena@intel.com,jian.j.zhao@intel.com
xunx.fang@intel.com,david@hardeman.nu
jbarnes@virtuousgeek.org,gordon.jin@intel.com
xunx.fang@intel.com,idr@freedesktop.org
elizabethx.de.la.torre.mena@intel.com,david@hardeman.nu
xunx.fang@intel.com,jian.j.zhao@intel.com
gordon.jin@intel.com,jbarnes@virtuousgeek.org
jbarnes@virtuousgeek.org,idr@freedesktop.org
jian.j.zhao@intel.com,jbarnes@virtuousgeek.org
gordon.jin@intel.com,david@hardeman.nu
david@hardeman.nu,idr@freedesktop.org
jbarnes@virtuousgeek.org,jian.j.zhao@intel.com
gordon.jin@intel.com,idr@freedesktop.org
xunx.fang@intel.com,jbarnes@virtuousgeek.org
elizabethx.de.la.torre.mena@intel.com,idr@freedesktop.org
jbarnes@virtuousgeek.org,david@hardeman.nu
elizabethx.de.la.torre.mena@intel.com,xunx.fang@intel.com
david@hardeman.nu,jbarnes@virtuousgeek.org
jian.j.zhao@intel.com,david@hardeman.nu
jian.j.zhao@intel.com,idr@freedesktop.org
