mattst88@gmail.com,jlp.bugs@gmail.com
mattst88@gmail.com,randrik@mail.ru
rasasi78@gmail.com,randrik@mail.ru
randrik@mail.ru,michel@tungstengraphics.com
jlp.bugs@gmail.com,michel@tungstengraphics.com
jeremyhu@freedesktop.org,michel@daenzer.net
michel@daenzer.net,michel@tungstengraphics.com
jeremyhu@freedesktop.org,randrik@mail.ru
jeremyhu@freedesktop.org,jlp.bugs@gmail.com
jlp.bugs@gmail.com,michel@daenzer.net
rasasi78@gmail.com,michel@tungstengraphics.com
rasasi78@gmail.com,jlp.bugs@gmail.com
michel@tungstengraphics.com,randrik@mail.ru
jeremyhu@freedesktop.org,rasasi78@gmail.com
mattst88@gmail.com,michel@daenzer.net
michel@daenzer.net,randrik@mail.ru
jeremyhu@freedesktop.org,mattst88@gmail.com
rasasi78@gmail.com,michel@daenzer.net
jlp.bugs@gmail.com,randrik@mail.ru
mattst88@gmail.com,rasasi78@gmail.com
jeremyhu@freedesktop.org,michel@tungstengraphics.com
mattst88@gmail.com,michel@tungstengraphics.com
