jamey@minilop.net,michel@daenzer.net
michel@daenzer.net,leonardo@ngdn.org
jcristau@debian.org,jamey@minilop.net
pharris@opentext.com,leonardo@ngdn.org
leonardo@ngdn.org,jcristau@debian.org
jamey@minilop.net,leonardo@ngdn.org
pharris@opentext.com,jcristau@debian.org
michel@daenzer.net,jcristau@debian.org
jcristau@debian.org,pharris@opentext.com
leonardo@ngdn.org,jamey@minilop.net
pharris@opentext.com,michel@daenzer.net
pharris@opentext.com,jamey@minilop.net
jamey@minilop.net,jcristau@debian.org
leonardo@ngdn.org,pharris@opentext.com
leonardo@ngdn.org,michel@daenzer.net
jcristau@debian.org,michel@daenzer.net
jcristau@debian.org,leonardo@ngdn.org
