ajax@nwnk.net,airlied@freedesktop.org
sndirsch@suse.de,roland.mainz@nrubsig.org
ajax@nwnk.net,krh@bitplanet.net
roland.mainz@nrubsig.org,airlied@freedesktop.org
ajax@nwnk.net,roland.mainz@nrubsig.org
ajax@nwnk.net,sndirsch@suse.de
sndirsch@suse.de,eich@pdx.freedesktop.org
krh@bitplanet.net,airlied@freedesktop.org
sndirsch@suse.de,airlied@freedesktop.org
krh@bitplanet.net,sndirsch@suse.de
eich@pdx.freedesktop.org,airlied@freedesktop.org
krh@bitplanet.net,ajax@nwnk.net
krh@bitplanet.net,roland.mainz@nrubsig.org
krh@bitplanet.net,eich@pdx.freedesktop.org
roland.mainz@nrubsig.org,ajax@nwnk.net
roland.mainz@nrubsig.org,eich@pdx.freedesktop.org
roland.mainz@nrubsig.org,sndirsch@suse.de
airlied@freedesktop.org,roland.mainz@nrubsig.org
roland.mainz@nrubsig.org,krh@bitplanet.net
ajax@nwnk.net,eich@pdx.freedesktop.org
eich@pdx.freedesktop.org,roland.mainz@nrubsig.org
