kem@freedesktop.org,ajax@nwnk.net
olivier.baudron@m4x.org,xhejtman@fi.muni.cz
krh@bitplanet.net,ja@ee.port.ac.uk
olivier.baudron@m4x.org,ja@ee.port.ac.uk
krh@bitplanet.net,alanh@fairlite.co.uk
ja@ee.port.ac.uk,alanh@fairlite.co.uk
xhejtman@fi.muni.cz,kem@freedesktop.org
ja@ee.port.ac.uk,kem@freedesktop.org
ajax@nwnk.net,alanh@fairlite.co.uk
alanh@fairlite.co.uk,kem@freedesktop.org
krh@bitplanet.net,xhejtman@fi.muni.cz
ajax@nwnk.net,xhejtman@fi.muni.cz
olivier.baudron@m4x.org,alanh@fairlite.co.uk
ajax@nwnk.net,kem@freedesktop.org
alanh@fairlite.co.uk,xhejtman@fi.muni.cz
krh@bitplanet.net,ajax@nwnk.net
krh@bitplanet.net,kem@freedesktop.org
ajax@nwnk.net,ja@ee.port.ac.uk
olivier.baudron@m4x.org,ajax@nwnk.net
kem@freedesktop.org,ja@ee.port.ac.uk
olivier.baudron@m4x.org,krh@bitplanet.net
ajax@nwnk.net,olivier.baudron@m4x.org
ja@ee.port.ac.uk,olivier.baudron@m4x.org
ja@ee.port.ac.uk,xhejtman@fi.muni.cz
kem@freedesktop.org,olivier.baudron@m4x.org
kem@freedesktop.org,alanh@fairlite.co.uk
kem@freedesktop.org,xhejtman@fi.muni.cz
krh@bitplanet.net,olivier.baudron@m4x.org
olivier.baudron@m4x.org,kem@freedesktop.org
kem@freedesktop.org,krh@bitplanet.net
xhejtman@fi.muni.cz,alanh@fairlite.co.uk
