alexdeucher@gmail.com,michel@daenzer.net
alexdeucher@gmail.com,tanktalus@gmail.com
mikko.cal@gmail.com,michel@daenzer.net
victor.noel@gmail.com,mikko.cal@gmail.com
mikko.cal@gmail.com,alexdeucher@gmail.com
mikko.cal@gmail.com,oldium.pro@seznam.cz
victor.noel@gmail.com,michel@daenzer.net
mikko.cal@gmail.com,tanktalus@gmail.com
alexdeucher@gmail.com,victor.noel@gmail.com
oldium.pro@seznam.cz,alexdeucher@gmail.com
avg@icyb.net.ua,tanktalus@gmail.com
avg@icyb.net.ua,michel@daenzer.net
victor.noel@gmail.com,tanktalus@gmail.com
oldium.pro@seznam.cz,mikko.cal@gmail.com
tanktalus@gmail.com,mikko.cal@gmail.com
michel@daenzer.net,victor.noel@gmail.com
alexdeucher@gmail.com,mikko.cal@gmail.com
michel@daenzer.net,avg@icyb.net.ua
michel@daenzer.net,mikko.cal@gmail.com
michel@daenzer.net,oldium.pro@seznam.cz
oldium.pro@seznam.cz,michel@daenzer.net
mikko.cal@gmail.com,victor.noel@gmail.com
oldium.pro@seznam.cz,tanktalus@gmail.com
tanktalus@gmail.com,oldium.pro@seznam.cz
michel@daenzer.net,alexdeucher@gmail.com
tanktalus@gmail.com,victor.noel@gmail.com
tanktalus@gmail.com,alexdeucher@gmail.com
avg@icyb.net.ua,alexdeucher@gmail.com
oldium.pro@seznam.cz,victor.noel@gmail.com
alexdeucher@gmail.com,oldium.pro@seznam.cz
avg@icyb.net.ua,mikko.cal@gmail.com
tanktalus@gmail.com,michel@daenzer.net
michel@daenzer.net,tanktalus@gmail.com
avg@icyb.net.ua,victor.noel@gmail.com
avg@icyb.net.ua,oldium.pro@seznam.cz
