stevewin@us.ibm.com,daniel@fooishbar.org
peter.hutterer@who-t.net,daniel@fooishbar.org
peter.hutterer@who-t.net,michel@tungstengraphics.com
peter.hutterer@who-t.net,stevewin@us.ibm.com
stevewin@us.ibm.com,michel@tungstengraphics.com
stevewin@us.ibm.com,peter.hutterer@who-t.net
michel@tungstengraphics.com,peter.hutterer@who-t.net
michel@tungstengraphics.com,stevewin@us.ibm.com
daniel@fooishbar.org,michel@tungstengraphics.com
michel@tungstengraphics.com,daniel@fooishbar.org
daniel@fooishbar.org,stevewin@us.ibm.com
