ajax@nwnk.net,lennox@cs.columbia.edu
ajax@nwnk.net,roland.mainz@nrubsig.org
ajax@nwnk.net,jeremyhu@freedesktop.org
daniel@fooishbar.org,lennox@cs.columbia.edu
ajax@nwnk.net,kem@freedesktop.org
ajax@nwnk.net,daniel@fooishbar.org
roland.mainz@nrubsig.org,lennox@cs.columbia.edu
jeremyhu@freedesktop.org,lennox@cs.columbia.edu
jeremyhu@freedesktop.org,roland.mainz@nrubsig.org
daniel@fooishbar.org,kem@freedesktop.org
daniel@fooishbar.org,roland.mainz@nrubsig.org
kem@freedesktop.org,lennox@cs.columbia.edu
jeremyhu@freedesktop.org,daniel@fooishbar.org
kem@freedesktop.org,roland.mainz@nrubsig.org
jeremyhu@freedesktop.org,kem@freedesktop.org
roland.mainz@nrubsig.org,kem@freedesktop.org
