jcristau@debian.org,yakui.zhao@intel.com
chris@chris-wilson.co.uk,pedretti.fabio@gmail.com
jbarnes@virtuousgeek.org,pedretti.fabio@gmail.com
chris@chris-wilson.co.uk,yakui.zhao@intel.com
pedretti.fabio@gmail.com,chris@chris-wilson.co.uk
pedretti.fabio@gmail.com,jbarnes@virtuousgeek.org
pedretti.fabio@gmail.com,yakui.zhao@intel.com
jcristau@debian.org,jbarnes@virtuousgeek.org
yakui.zhao@intel.com,pedretti.fabio@gmail.com
jcristau@debian.org,pedretti.fabio@gmail.com
jbarnes@virtuousgeek.org,yakui.zhao@intel.com
chris@chris-wilson.co.uk,jbarnes@virtuousgeek.org
jcristau@debian.org,chris@chris-wilson.co.uk
pedretti.fabio@gmail.com,jcristau@debian.org
