daniel@constexpr.org,m01brv@mail.ru
jeremyhu@freedesktop.org,dolph@centrum.sk
m01brv@mail.ru,michel@daenzer.net
linuxhippy@gmail.com,jeremyhu@freedesktop.org
linuxhippy@gmail.com,cfeck@kde.org
michel@daenzer.net,l.bonnaud@laposte.net
cfeck@kde.org,l.bonnaud@laposte.net
jeremyhu@freedesktop.org,bas89@cpbmail.de
jeremyhu@freedesktop.org,m01brv@mail.ru
rsimmons0@gmail.com,dolph@centrum.sk
rsimmons0@gmail.com,cfeck@kde.org
rsimmons0@gmail.com,linuxhippy@gmail.com
bas89@cpbmail.de,linuxhippy@gmail.com
jeremyhu@freedesktop.org,daniel@constexpr.org
m01brv@mail.ru,bas89@cpbmail.de
daniel@constexpr.org,modulistic@gmail.com
jeremyhu@freedesktop.org,l.bonnaud@laposte.net
linuxhippy@gmail.com,rsimmons0@gmail.com
linuxhippy@gmail.com,l.bonnaud@laposte.net
cfeck@kde.org,modulistic@gmail.com
michel@daenzer.net,modulistic@gmail.com
michel@daenzer.net,m01brv@mail.ru
jeremyhu@freedesktop.org,linuxhippy@gmail.com
cyberbeat@gmx.de,michel@daenzer.net
michel@daenzer.net,shahamit@gmail.com
cyberbeat@gmx.de,shahamit@gmail.com
daniel@constexpr.org,cfeck@kde.org
rsimmons0@gmail.com,daniel@constexpr.org
cfeck@kde.org,dolph@centrum.sk
l.bonnaud@laposte.net,shahamit@gmail.com
syrjala@sci.fi,linuxhippy@gmail.com
modulistic@gmail.com,bas89@cpbmail.de
daniel@constexpr.org,linuxhippy@gmail.com
jeremyhu@freedesktop.org,michel@daenzer.net
rsimmons0@gmail.com,l.bonnaud@laposte.net
rsimmons0@gmail.com,shahamit@gmail.com
cyberbeat@gmx.de,daniel@constexpr.org
daniel@constexpr.org,michel@daenzer.net
modulistic@gmail.com,shahamit@gmail.com
cyberbeat@gmx.de,cfeck@kde.org
cyberbeat@gmx.de,dolph@centrum.sk
rsimmons0@gmail.com,bas89@cpbmail.de
jeremyhu@freedesktop.org,rsimmons0@gmail.com
dolph@centrum.sk,michel@daenzer.net
syrjala@sci.fi,michel@daenzer.net
rsimmons0@gmail.com,cyberbeat@gmx.de
cfeck@kde.org,linuxhippy@gmail.com
jeremyhu@freedesktop.org,cfeck@kde.org
dolph@centrum.sk,m01brv@mail.ru
cyberbeat@gmx.de,bas89@cpbmail.de
bas89@cpbmail.de,shahamit@gmail.com
m01brv@mail.ru,dolph@centrum.sk
cfeck@kde.org,m01brv@mail.ru
rsimmons0@gmail.com,m01brv@mail.ru
modulistic@gmail.com,l.bonnaud@laposte.net
cfeck@kde.org,bas89@cpbmail.de
dolph@centrum.sk,l.bonnaud@laposte.net
jeremyhu@freedesktop.org,syrjala@sci.fi
rsimmons0@gmail.com,modulistic@gmail.com
michel@daenzer.net,cfeck@kde.org
cfeck@kde.org,shahamit@gmail.com
syrjala@sci.fi,jeremyhu@freedesktop.org
jeremyhu@freedesktop.org,cyberbeat@gmx.de
syrjala@sci.fi,modulistic@gmail.com
daniel@constexpr.org,bas89@cpbmail.de
dolph@centrum.sk,modulistic@gmail.com
modulistic@gmail.com,linuxhippy@gmail.com
linuxhippy@gmail.com,michel@daenzer.net
m01brv@mail.ru,cfeck@kde.org
syrjala@sci.fi,dolph@centrum.sk
shahamit@gmail.com,linuxhippy@gmail.com
m01brv@mail.ru,l.bonnaud@laposte.net
l.bonnaud@laposte.net,bas89@cpbmail.de
m01brv@mail.ru,linuxhippy@gmail.com
daniel@constexpr.org,shahamit@gmail.com
l.bonnaud@laposte.net,linuxhippy@gmail.com
cfeck@kde.org,michel@daenzer.net
linuxhippy@gmail.com,modulistic@gmail.com
linuxhippy@gmail.com,cyberbeat@gmx.de
daniel@constexpr.org,dolph@centrum.sk
daniel@constexpr.org,l.bonnaud@laposte.net
syrjala@sci.fi,daniel@constexpr.org
cyberbeat@gmx.de,linuxhippy@gmail.com
linuxhippy@gmail.com,m01brv@mail.ru
dolph@centrum.sk,bas89@cpbmail.de
syrjala@sci.fi,m01brv@mail.ru
michel@daenzer.net,linuxhippy@gmail.com
syrjala@sci.fi,shahamit@gmail.com
michel@daenzer.net,bas89@cpbmail.de
jeremyhu@freedesktop.org,modulistic@gmail.com
linuxhippy@gmail.com,shahamit@gmail.com
cyberbeat@gmx.de,m01brv@mail.ru
syrjala@sci.fi,cyberbeat@gmx.de
cyberbeat@gmx.de,l.bonnaud@laposte.net
m01brv@mail.ru,daniel@constexpr.org
m01brv@mail.ru,cyberbeat@gmx.de
linuxhippy@gmail.com,bas89@cpbmail.de
dolph@centrum.sk,cfeck@kde.org
jeremyhu@freedesktop.org,shahamit@gmail.com
linuxhippy@gmail.com,dolph@centrum.sk
rsimmons0@gmail.com,michel@daenzer.net
m01brv@mail.ru,modulistic@gmail.com
syrjala@sci.fi,l.bonnaud@laposte.net
syrjala@sci.fi,cfeck@kde.org
m01brv@mail.ru,shahamit@gmail.com
cyberbeat@gmx.de,modulistic@gmail.com
dolph@centrum.sk,linuxhippy@gmail.com
syrjala@sci.fi,bas89@cpbmail.de
dolph@centrum.sk,shahamit@gmail.com
m01brv@mail.ru,rsimmons0@gmail.com
syrjala@sci.fi,rsimmons0@gmail.com
linuxhippy@gmail.com,daniel@constexpr.org
