daniel@fooishbar.org,cloos@jhcloos.com
peter.hutterer@who-t.net,thjaeger@gmail.com
senutek@gmail.com,cloos@jhcloos.com
peter.hutterer@who-t.net,daniel@fooishbar.org
coron@pestilenz.org,peter.hutterer@who-t.net
rasasi78@gmail.com,peter.hutterer@who-t.net
peter.hutterer@who-t.net,senutek@gmail.com
coron@pestilenz.org,rasasi78@gmail.com
peter.hutterer@who-t.net,rasasi78@gmail.com
senutek@gmail.com,peter.hutterer@who-t.net
daniel@fooishbar.org,brlink@debian.org
coron@pestilenz.org,cloos@jhcloos.com
cloos@jhcloos.com,rasasi78@gmail.com
cloos@jhcloos.com,brlink@debian.org
senutek@gmail.com,brlink@debian.org
peter.hutterer@who-t.net,coron@pestilenz.org
coron@pestilenz.org,brlink@debian.org
kaneda@bohater.net,thjaeger@gmail.com
rasasi78@gmail.com,senutek@gmail.com
thjaeger@gmail.com,peter.hutterer@who-t.net
rasasi78@gmail.com,thjaeger@gmail.com
coron@pestilenz.org,dag@bakke.com
kaneda@bohater.net,daniel@fooishbar.org
thjaeger@gmail.com,coron@pestilenz.org
kaneda@bohater.net,peter.hutterer@who-t.net
kaneda@bohater.net,dag@bakke.com
dag@bakke.com,thjaeger@gmail.com
daniel@fooishbar.org,peter.hutterer@who-t.net
daniel@fooishbar.org,coron@pestilenz.org
peter.hutterer@who-t.net,dag@bakke.com
daniel@fooishbar.org,thjaeger@gmail.com
coron@pestilenz.org,daniel@fooishbar.org
kaneda@bohater.net,rasasi78@gmail.com
rasasi78@gmail.com,cloos@jhcloos.com
rasasi78@gmail.com,coron@pestilenz.org
thjaeger@gmail.com,cloos@jhcloos.com
senutek@gmail.com,rasasi78@gmail.com
thjaeger@gmail.com,senutek@gmail.com
dag@bakke.com,daniel@fooishbar.org
kaneda@bohater.net,coron@pestilenz.org
dag@bakke.com,brlink@debian.org
coron@pestilenz.org,senutek@gmail.com
thjaeger@gmail.com,brlink@debian.org
daniel@fooishbar.org,senutek@gmail.com
kaneda@bohater.net,cloos@jhcloos.com
rasasi78@gmail.com,brlink@debian.org
dag@bakke.com,rasasi78@gmail.com
dag@bakke.com,senutek@gmail.com
dag@bakke.com,cloos@jhcloos.com
kaneda@bohater.net,senutek@gmail.com
peter.hutterer@who-t.net,cloos@jhcloos.com
thjaeger@gmail.com,rasasi78@gmail.com
dag@bakke.com,peter.hutterer@who-t.net
cloos@jhcloos.com,peter.hutterer@who-t.net
dag@bakke.com,coron@pestilenz.org
daniel@fooishbar.org,rasasi78@gmail.com
kaneda@bohater.net,brlink@debian.org
coron@pestilenz.org,thjaeger@gmail.com
peter.hutterer@who-t.net,brlink@debian.org
