drewp@bigasterisk.com,peter.hutterer@who-t.net
phil@digitalcontortions.net,drewp@bigasterisk.com
phil@digitalcontortions.net,adamg@pld-linux.org
adamg@pld-linux.org,peter.hutterer@who-t.net
jared.bunting@peachjean.com,adamg@pld-linux.org
jared.bunting@peachjean.com,drewp@bigasterisk.com
peter.hutterer@who-t.net,phil@digitalcontortions.net
adamg@pld-linux.org,drewp@bigasterisk.com
phil@digitalcontortions.net,peter.hutterer@who-t.net
peter.hutterer@who-t.net,drewp@bigasterisk.com
peter.hutterer@who-t.net,adamg@pld-linux.org
adamg@pld-linux.org,phil@digitalcontortions.net
jared.bunting@peachjean.com,peter.hutterer@who-t.net
peter.hutterer@who-t.net,jared.bunting@peachjean.com
drewp@bigasterisk.com,adamg@pld-linux.org
jared.bunting@peachjean.com,phil@digitalcontortions.net
