bugzilla@hadess.net,jeremyhu@freedesktop.org
bugzilla@hadess.net,robert.collins@canonical.com
ajax@nwnk.net,vapier@gentoo.org
jeremyhu@freedesktop.org,robert.collins@canonical.com
peter@lekensteyn.nl,vapier@gentoo.org
ajax@nwnk.net,bugzilla@hadess.net
ajax@nwnk.net,robert.collins@canonical.com
peter@lekensteyn.nl,robert.collins@canonical.com
ajax@nwnk.net,jeremyhu@freedesktop.org
bugzilla@hadess.net,vapier@gentoo.org
ajax@nwnk.net,peter@lekensteyn.nl
vapier@gentoo.org,robert.collins@canonical.com
peter@lekensteyn.nl,bugzilla@hadess.net
vapier@gentoo.org,peter@lekensteyn.nl
vapier@gentoo.org,jeremyhu@freedesktop.org
vapier@gentoo.org,bugzilla@hadess.net
peter@lekensteyn.nl,jeremyhu@freedesktop.org
