roland.mainz@nrubsig.org,alan.coopersmith@oracle.com
roland.mainz@nrubsig.org,jay.cotton@oracle.com
eich@pdx.freedesktop.org,alan.coopersmith@oracle.com
alan.coopersmith@oracle.com,jay.cotton@oracle.com
jay.cotton@oracle.com,eich@pdx.freedesktop.org
eich@pdx.freedesktop.org,jay.cotton@oracle.com
alan.coopersmith@oracle.com,eich@pdx.freedesktop.org
roland.mainz@nrubsig.org,eich@pdx.freedesktop.org
jay.cotton@oracle.com,alan.coopersmith@oracle.com
alan.coopersmith@oracle.com,roland.mainz@nrubsig.org
