freedesktop@mahadri.com,llcawthorne@archlinux.us
peter.hutterer@who-t.net,christian.babeux@0x80.ca
linusarver@gmail.com,llcawthorne@archlinux.us
arnaud.fortier@free.fr,j.keil@gmx.de
j.keil@gmx.de,friz@godshell.com
henning@schmiedehausen.org,llcawthorne@archlinux.us
plasm@roo.me.uk,henning@schmiedehausen.org
arnaud.fortier@free.fr,linusarver@gmail.com
j.keil@gmx.de,llcawthorne@archlinux.us
jcristau@debian.org,plasm@roo.me.uk
christian.babeux@0x80.ca,llcawthorne@archlinux.us
peter.hutterer@who-t.net,arnaud.fortier@free.fr
jcristau@debian.org,friz@godshell.com
plasm@roo.me.uk,peter.hutterer@who-t.net
arnaud.fortier@free.fr,freedesktop@mahadri.com
linusarver@gmail.com,j.keil@gmx.de
james.meyer@operamail.com,llcawthorne@archlinux.us
james.meyer@operamail.com,peter.hutterer@who-t.net
freedesktop@mahadri.com,henning@schmiedehausen.org
plasm@roo.me.uk,llcawthorne@archlinux.us
peter.hutterer@who-t.net,henning@schmiedehausen.org
peter.hutterer@who-t.net,friz@godshell.com
arnaud.fortier@free.fr,jcristau@debian.org
james.meyer@operamail.com,christian.babeux@0x80.ca
arnaud.fortier@free.fr,james.meyer@operamail.com
freedesktop@mahadri.com,friz@godshell.com
henning@schmiedehausen.org,jcristau@debian.org
freedesktop@mahadri.com,j.keil@gmx.de
llcawthorne@archlinux.us,j.keil@gmx.de
freedesktop@mahadri.com,jcristau@debian.org
jcristau@debian.org,llcawthorne@archlinux.us
henning@schmiedehausen.org,friz@godshell.com
james.meyer@operamail.com,jcristau@debian.org
peter.hutterer@who-t.net,linusarver@gmail.com
plasm@roo.me.uk,friz@godshell.com
linusarver@gmail.com,jcristau@debian.org
j.keil@gmx.de,jcristau@debian.org
plasm@roo.me.uk,j.keil@gmx.de
henning@schmiedehausen.org,christian.babeux@0x80.ca
freedesktop@mahadri.com,james.meyer@operamail.com
freedesktop@mahadri.com,linusarver@gmail.com
arnaud.fortier@free.fr,christian.babeux@0x80.ca
peter.hutterer@who-t.net,plasm@roo.me.uk
arnaud.fortier@free.fr,henning@schmiedehausen.org
arnaud.fortier@free.fr,friz@godshell.com
peter.hutterer@who-t.net,freedesktop@mahadri.com
jcristau@debian.org,j.keil@gmx.de
friz@godshell.com,llcawthorne@archlinux.us
christian.babeux@0x80.ca,jcristau@debian.org
arnaud.fortier@free.fr,plasm@roo.me.uk
peter.hutterer@who-t.net,llcawthorne@archlinux.us
freedesktop@mahadri.com,peter.hutterer@who-t.net
james.meyer@operamail.com,henning@schmiedehausen.org
peter.hutterer@who-t.net,jcristau@debian.org
j.keil@gmx.de,plasm@roo.me.uk
christian.babeux@0x80.ca,friz@godshell.com
james.meyer@operamail.com,plasm@roo.me.uk
peter.hutterer@who-t.net,james.meyer@operamail.com
james.meyer@operamail.com,linusarver@gmail.com
linusarver@gmail.com,friz@godshell.com
henning@schmiedehausen.org,j.keil@gmx.de
christian.babeux@0x80.ca,plasm@roo.me.uk
james.meyer@operamail.com,friz@godshell.com
plasm@roo.me.uk,christian.babeux@0x80.ca
peter.hutterer@who-t.net,j.keil@gmx.de
freedesktop@mahadri.com,plasm@roo.me.uk
henning@schmiedehausen.org,plasm@roo.me.uk
arnaud.fortier@free.fr,llcawthorne@archlinux.us
plasm@roo.me.uk,james.meyer@operamail.com
christian.babeux@0x80.ca,j.keil@gmx.de
freedesktop@mahadri.com,arnaud.fortier@free.fr
freedesktop@mahadri.com,christian.babeux@0x80.ca
henning@schmiedehausen.org,james.meyer@operamail.com
henning@schmiedehausen.org,linusarver@gmail.com
james.meyer@operamail.com,j.keil@gmx.de
friz@godshell.com,j.keil@gmx.de
linusarver@gmail.com,plasm@roo.me.uk
plasm@roo.me.uk,linusarver@gmail.com
plasm@roo.me.uk,jcristau@debian.org
arnaud.fortier@free.fr,peter.hutterer@who-t.net
christian.babeux@0x80.ca,linusarver@gmail.com
