jrumpf@heavyload.net,thisdyingdream@gmail.com
zaai@spaaij.net,steve@encoremusic.com
thomas.jarosch@intra2net.com,gareth@linux.co.uk
thomas.jarosch@intra2net.com,peter.hutterer@who-t.net
thisdyingdream@gmail.com,peter.hutterer@who-t.net
peter.hutterer@who-t.net,gareth@linux.co.uk
peter.hutterer@who-t.net,davey@geekfreak.com
zaai@spaaij.net,thomas.jarosch@intra2net.com
thomas.jarosch@intra2net.com,davey@geekfreak.com
davey@geekfreak.com,zaai@spaaij.net
gareth@linux.co.uk,peter.hutterer@who-t.net
xianthax@gmail.com,thomas.jarosch@intra2net.com
zaai@spaaij.net,davey@geekfreak.com
xianthax@gmail.com,gareth@linux.co.uk
thisdyingdream@gmail.com,thomas.jarosch@intra2net.com
steve@encoremusic.com,thomas.jarosch@intra2net.com
thomas.jarosch@intra2net.com,steve@encoremusic.com
tobias@kaminsky.me,peter.hutterer@who-t.net
jrumpf@heavyload.net,xianthax@gmail.com
peter.hutterer@who-t.net,tobias@kaminsky.me
peter.hutterer@who-t.net,xianthax@gmail.com
jrumpf@heavyload.net,steve@encoremusic.com
jrumpf@heavyload.net,tobias@kaminsky.me
jrumpf@heavyload.net,davey@geekfreak.com
davey@geekfreak.com,xianthax@gmail.com
davey@geekfreak.com,tobias@kaminsky.me
steve@encoremusic.com,tobias@kaminsky.me
steve@encoremusic.com,xianthax@gmail.com
xianthax@gmail.com,zaai@spaaij.net
gareth@linux.co.uk,xianthax@gmail.com
gareth@linux.co.uk,tobias@kaminsky.me
thisdyingdream@gmail.com,davey@geekfreak.com
peter.hutterer@who-t.net,zaai@spaaij.net
thisdyingdream@gmail.com,xianthax@gmail.com
gareth@linux.co.uk,zaai@spaaij.net
davey@geekfreak.com,gareth@linux.co.uk
tobias@kaminsky.me,thomas.jarosch@intra2net.com
xianthax@gmail.com,steve@encoremusic.com
peter.hutterer@who-t.net,thomas.jarosch@intra2net.com
thisdyingdream@gmail.com,steve@encoremusic.com
jrumpf@heavyload.net,gareth@linux.co.uk
jrumpf@heavyload.net,peter.hutterer@who-t.net
thomas.jarosch@intra2net.com,zaai@spaaij.net
thisdyingdream@gmail.com,tobias@kaminsky.me
jrumpf@heavyload.net,thomas.jarosch@intra2net.com
peter.hutterer@who-t.net,steve@encoremusic.com
tobias@kaminsky.me,xianthax@gmail.com
thomas.jarosch@intra2net.com,xianthax@gmail.com
xianthax@gmail.com,tobias@kaminsky.me
thomas.jarosch@intra2net.com,tobias@kaminsky.me
steve@encoremusic.com,peter.hutterer@who-t.net
zaai@spaaij.net,xianthax@gmail.com
davey@geekfreak.com,thomas.jarosch@intra2net.com
zaai@spaaij.net,tobias@kaminsky.me
zaai@spaaij.net,gareth@linux.co.uk
steve@encoremusic.com,zaai@spaaij.net
gareth@linux.co.uk,thomas.jarosch@intra2net.com
davey@geekfreak.com,peter.hutterer@who-t.net
zaai@spaaij.net,peter.hutterer@who-t.net
tobias@kaminsky.me,zaai@spaaij.net
xianthax@gmail.com,peter.hutterer@who-t.net
thisdyingdream@gmail.com,zaai@spaaij.net
davey@geekfreak.com,steve@encoremusic.com
thisdyingdream@gmail.com,gareth@linux.co.uk
jrumpf@heavyload.net,zaai@spaaij.net
gareth@linux.co.uk,steve@encoremusic.com
