jcristau@debian.org,david@ixit.cz
madfishtheone@gmail.com,david@ixit.cz
peter.hutterer@who-t.net,madfishtheone@gmail.com
jcristau@debian.org,peter.hutterer@who-t.net
david@ixit.cz,madfishtheone@gmail.com
david@ixit.cz,peter.hutterer@who-t.net
peter.hutterer@who-t.net,austinenglish@gmail.com
jcristau@debian.org,madfishtheone@gmail.com
madfishtheone@gmail.com,austinenglish@gmail.com
peter.hutterer@who-t.net,jcristau@debian.org
david@ixit.cz,jcristau@debian.org
peter.hutterer@who-t.net,david@ixit.cz
madfishtheone@gmail.com,peter.hutterer@who-t.net
david@ixit.cz,austinenglish@gmail.com
austinenglish@gmail.com,madfishtheone@gmail.com
jcristau@debian.org,austinenglish@gmail.com
