peter.hutterer@who-t.net,daniel@fooishbar.org
peter.hutterer@who-t.net,michel@tungstengraphics.com
ersuchungen@seinslehren.de,daniel@fooishbar.org
yan.i.li@intel.com,sergio@serjux.com
ersuchungen@seinslehren.de,yan.i.li@intel.com
sergio@serjux.com,daniel@fooishbar.org
jcristau@debian.org,ersuchungen@seinslehren.de
michel@tungstengraphics.com,peter.hutterer@who-t.net
yan.i.li@intel.com,ersuchungen@seinslehren.de
daniel@fooishbar.org,michel@tungstengraphics.com
ersuchungen@seinslehren.de,michel@tungstengraphics.com
jcristau@debian.org,peter.hutterer@who-t.net
michel@tungstengraphics.com,ersuchungen@seinslehren.de
daniel@fooishbar.org,sergio@serjux.com
yan.i.li@intel.com,michel@tungstengraphics.com
daniel@fooishbar.org,peter.hutterer@who-t.net
jcristau@debian.org,michel@tungstengraphics.com
jcristau@debian.org,sergio@serjux.com
sergio@serjux.com,michel@tungstengraphics.com
jcristau@debian.org,yan.i.li@intel.com
daniel@fooishbar.org,ersuchungen@seinslehren.de
peter.hutterer@who-t.net,sergio@serjux.com
ersuchungen@seinslehren.de,sergio@serjux.com
ersuchungen@seinslehren.de,peter.hutterer@who-t.net
yan.i.li@intel.com,peter.hutterer@who-t.net
sergio@serjux.com,ersuchungen@seinslehren.de
peter.hutterer@who-t.net,ersuchungen@seinslehren.de
yan.i.li@intel.com,daniel@fooishbar.org
sergio@serjux.com,peter.hutterer@who-t.net
jcristau@debian.org,daniel@fooishbar.org
