andreas.reis@gmail.com,commendsarnex@gmail.com
michel@daenzer.net,andreas.reis@gmail.com
pmenzel+bugs.freedesktop@molgen.mpg.de,commendsarnex@gmail.com
commendsarnex@gmail.com,andreas.reis@gmail.com
andreas.reis@gmail.com,michel@daenzer.net
michel@daenzer.net,pmenzel+bugs.freedesktop@molgen.mpg.de
commendsarnex@gmail.com,michel@daenzer.net
andreas.reis@gmail.com,pmenzel+bugs.freedesktop@molgen.mpg.de
pmenzel+bugs.freedesktop@molgen.mpg.de,andreas.reis@gmail.com
pmenzel+bugs.freedesktop@molgen.mpg.de,michel@daenzer.net
michel@daenzer.net,commendsarnex@gmail.com
