yi.sun@intel.com,krh@bitplanet.net
jian.j.zhao@intel.com,gordon.jin@intel.com
jian.j.zhao@intel.com,krh@bitplanet.net
jian.j.zhao@intel.com,currojerez@riseup.net
yi.sun@intel.com,currojerez@riseup.net
currojerez@riseup.net,yi.sun@intel.com
gordon.jin@intel.com,currojerez@riseup.net
krh@bitplanet.net,jian.j.zhao@intel.com
krh@bitplanet.net,yi.sun@intel.com
jian.j.zhao@intel.com,yi.sun@intel.com
krh@bitplanet.net,currojerez@riseup.net
currojerez@riseup.net,jian.j.zhao@intel.com
yi.sun@intel.com,jian.j.zhao@intel.com
yi.sun@intel.com,gordon.jin@intel.com
gordon.jin@intel.com,jian.j.zhao@intel.com
krh@bitplanet.net,gordon.jin@intel.com
gordon.jin@intel.com,yi.sun@intel.com
currojerez@riseup.net,gordon.jin@intel.com
