peter.hutterer@who-t.net,ewalsh@tycho.nsa.gov
peter.hutterer@who-t.net,daniel@fooishbar.org
bero@lindev.ch,peter.hutterer@who-t.net
rene@grain.dk,peter.hutterer@who-t.net
magnus.vigerlof@home.se,bero@lindev.ch
magnus.vigerlof@home.se,daniel@fooishbar.org
bero@lindev.ch,ewalsh@tycho.nsa.gov
bero@lindev.ch,daniel@fooishbar.org
magnus.vigerlof@home.se,ewalsh@tycho.nsa.gov
daniel@fooishbar.org,rene@grain.dk
magnus.vigerlof@home.se,peter.hutterer@who-t.net
daniel@fooishbar.org,peter.hutterer@who-t.net
peter.hutterer@who-t.net,rene@grain.dk
daniel@fooishbar.org,ewalsh@tycho.nsa.gov
peter.hutterer@who-t.net,bero@lindev.ch
peter.hutterer@who-t.net,magnus.vigerlof@home.se
rene@grain.dk,daniel@fooishbar.org
bero@lindev.ch,rene@grain.dk
daniel@fooishbar.org,bero@lindev.ch
magnus.vigerlof@home.se,rene@grain.dk
rene@grain.dk,ewalsh@tycho.nsa.gov
