firedragonfly@gmail.com,andy-freedesktop@splashground.de
firedragonfly@gmail.com,roland.mainz@nrubsig.org
asmodai@in-nomine.org,andy-freedesktop@splashground.de
asmodai@in-nomine.org,roland.mainz@nrubsig.org
roland.mainz@nrubsig.org,firedragonfly@gmail.com
roland.mainz@nrubsig.org,andy-freedesktop@splashground.de
andy-freedesktop@splashground.de,asmodai@in-nomine.org
firedragonfly@gmail.com,asmodai@in-nomine.org
asmodai@in-nomine.org,firedragonfly@gmail.com
roland.mainz@nrubsig.org,asmodai@in-nomine.org
