l.lunak@collabora.com,alan.coopersmith@oracle.com
lasse.collin@tukaani.org,torso690@student.liu.se
l.lunak@collabora.com,lasse.collin@tukaani.org
peter.hutterer@who-t.net,torso690@student.liu.se
peter.hutterer@who-t.net,alan.coopersmith@oracle.com
peter.hutterer@who-t.net,lasse.collin@tukaani.org
peter.hutterer@who-t.net,daniel@fooishbar.org
lasse.collin@tukaani.org,l.lunak@collabora.com
peter.hutterer@who-t.net,l.lunak@collabora.com
alan.coopersmith@oracle.com,lasse.collin@tukaani.org
l.lunak@collabora.com,peter.hutterer@who-t.net
lasse.collin@tukaani.org,alan.coopersmith@oracle.com
lasse.collin@tukaani.org,peter.hutterer@who-t.net
l.lunak@collabora.com,torso690@student.liu.se
daniel@fooishbar.org,torso690@student.liu.se
alan.coopersmith@oracle.com,torso690@student.liu.se
alan.coopersmith@oracle.com,daniel@fooishbar.org
lasse.collin@tukaani.org,daniel@fooishbar.org
l.lunak@collabora.com,daniel@fooishbar.org
