michel@tungstengraphics.com,castet.matthieu@free.fr
daniel@fooishbar.org,castet.matthieu@free.fr
tilman@code-monkey.de,castet.matthieu@free.fr
tilman@code-monkey.de,michel@tungstengraphics.com
tilman@code-monkey.de,reiver@improbability.net
reiver@improbability.net,castet.matthieu@free.fr
daniel@fooishbar.org,reiver@improbability.net
daniel@fooishbar.org,michel@tungstengraphics.com
castet.matthieu@free.fr,tilman@code-monkey.de
castet.matthieu@free.fr,reiver@improbability.net
michel@tungstengraphics.com,reiver@improbability.net
reiver@improbability.net,tilman@code-monkey.de
daniel@fooishbar.org,tilman@code-monkey.de
castet.matthieu@free.fr,michel@tungstengraphics.com
michel@tungstengraphics.com,tilman@code-monkey.de
