peter.hutterer@who-t.net,tjaalton@ubuntu.com
peter.hutterer@who-t.net,daniel@fooishbar.org
daniel@fooishbar.org,colin@mageia.org
keithp@keithp.com,bugs@saschahlusiak.de
tjaalton@ubuntu.com,colin@mageia.org
keithp@keithp.com,tjaalton@ubuntu.com
daniel@fooishbar.org,bugs@saschahlusiak.de
keithp@keithp.com,colin@mageia.org
bugs@saschahlusiak.de,daniel@fooishbar.org
daniel@fooishbar.org,peter.hutterer@who-t.net
keithp@keithp.com,daniel@fooishbar.org
colin@mageia.org,tjaalton@ubuntu.com
keithp@keithp.com,peter.hutterer@who-t.net
tjaalton@ubuntu.com,bugs@saschahlusiak.de
peter.hutterer@who-t.net,bugs@saschahlusiak.de
bugs@saschahlusiak.de,peter.hutterer@who-t.net
bugs@saschahlusiak.de,colin@mageia.org
tjaalton@ubuntu.com,peter.hutterer@who-t.net
peter.hutterer@who-t.net,colin@mageia.org
colin@mageia.org,peter.hutterer@who-t.net
tjaalton@ubuntu.com,daniel@fooishbar.org
daniel@fooishbar.org,tjaalton@ubuntu.com
bugs@saschahlusiak.de,tjaalton@ubuntu.com
