michel@daenzer.net,heiko@baums-on-web.de
therealchris@hotmail.com,heiko@baums-on-web.de
michel@daenzer.net,therealchris@hotmail.com
jcristau@debian.org,steve-e@h3c.de
whirlygig@comcast.net,heiko@baums-on-web.de
jcristau@debian.org,info@noctus.net
fourdan@xfce.org,info@noctus.net
jcristau@debian.org,heiko@baums-on-web.de
jcristau@debian.org,therealchris@hotmail.com
michel@daenzer.net,steve-e@h3c.de
fourdan@xfce.org,therealchris@hotmail.com
info@noctus.net,steve-e@h3c.de
whirlygig@comcast.net,info@noctus.net
fourdan@xfce.org,whirlygig@comcast.net
heiko@baums-on-web.de,fourdan@xfce.org
whirlygig@comcast.net,michel@daenzer.net
fourdan@xfce.org,michel@daenzer.net
info@noctus.net,fourdan@xfce.org
therealchris@hotmail.com,fourdan@xfce.org
heiko@baums-on-web.de,michel@daenzer.net
jcristau@debian.org,whirlygig@comcast.net
fourdan@xfce.org,heiko@baums-on-web.de
fourdan@xfce.org,steve-e@h3c.de
michel@daenzer.net,whirlygig@comcast.net
whirlygig@comcast.net,fourdan@xfce.org
therealchris@hotmail.com,michel@daenzer.net
jcristau@debian.org,fourdan@xfce.org
michel@daenzer.net,fourdan@xfce.org
info@noctus.net,heiko@baums-on-web.de
steve-e@h3c.de,michel@daenzer.net
therealchris@hotmail.com,info@noctus.net
info@noctus.net,michel@daenzer.net
heiko@baums-on-web.de,steve-e@h3c.de
whirlygig@comcast.net,therealchris@hotmail.com
therealchris@hotmail.com,steve-e@h3c.de
michel@daenzer.net,info@noctus.net
jcristau@debian.org,michel@daenzer.net
whirlygig@comcast.net,steve-e@h3c.de
