maximlevitsky@gmail.com,gordon.jin@intel.com
maximlevitsky@gmail.com,otaylor@redhat.com
gordon.jin@intel.com,xunx.fang@intel.com
xunx.fang@intel.com,gordon.jin@intel.com
otaylor@redhat.com,krh@bitplanet.net
otaylor@redhat.com,xunx.fang@intel.com
xunx.fang@intel.com,otaylor@redhat.com
krh@bitplanet.net,xunx.fang@intel.com
gordon.jin@intel.com,maximlevitsky@gmail.com
krh@bitplanet.net,maximlevitsky@gmail.com
gordon.jin@intel.com,krh@bitplanet.net
krh@bitplanet.net,otaylor@redhat.com
maximlevitsky@gmail.com,krh@bitplanet.net
gordon.jin@intel.com,otaylor@redhat.com
xunx.fang@intel.com,maximlevitsky@gmail.com
krh@bitplanet.net,gordon.jin@intel.com
xunx.fang@intel.com,krh@bitplanet.net
maximlevitsky@gmail.com,xunx.fang@intel.com
