djs@bridgedec.chess.cornell.edu,js@sig21.net
i.am@jimramsay.com,martin.vgagern@gmx.net
js@sig21.net,jcook5376@gmail.com
jan@jgc.homeip.net,i.am@jimramsay.com
martin.vgagern@gmx.net,i.am@jimramsay.com
martin.vgagern@gmx.net,jan@jgc.homeip.net
peter.hutterer@who-t.net,remi@gentoo.org
i.am@jimramsay.com,js@sig21.net
jan@jgc.homeip.net,jon.turney@dronecode.org.uk
js@sig21.net,djs@bridgedec.chess.cornell.edu
martin.vgagern@gmx.net,jcook5376@gmail.com
jon.turney@dronecode.org.uk,js@sig21.net
peter.hutterer@who-t.net,jcook5376@gmail.com
jcristau@debian.org,chithanh@gentoo.org
chithanh@gentoo.org,remi@gentoo.org
i.am@jimramsay.com,jan@jgc.homeip.net
djs@bridgedec.chess.cornell.edu,peter.hutterer@who-t.net
peter.hutterer@who-t.net,jon.turney@dronecode.org.uk
i.am@jimramsay.com,djs@bridgedec.chess.cornell.edu
marko.macek@gmx.net,djs@bridgedec.chess.cornell.edu
martin.vgagern@gmx.net,peter.hutterer@who-t.net
jan@jgc.homeip.net,js@sig21.net
peter.hutterer@who-t.net,js@sig21.net
jan@jgc.homeip.net,peter.hutterer@who-t.net
marko.macek@gmx.net,js@sig21.net
jcristau@debian.org,peter.hutterer@who-t.net
jan@jgc.homeip.net,jcook5376@gmail.com
jon.turney@dronecode.org.uk,martin.vgagern@gmx.net
marko.macek@gmx.net,i.am@jimramsay.com
jon.turney@dronecode.org.uk,remi@gentoo.org
jon.turney@dronecode.org.uk,djs@bridgedec.chess.cornell.edu
chithanh@gentoo.org,jcook5376@gmail.com
peter.hutterer@who-t.net,chithanh@gentoo.org
jon.turney@dronecode.org.uk,chithanh@gentoo.org
jcook5376@gmail.com,i.am@jimramsay.com
marko.macek@gmx.net,martin.vgagern@gmx.net
djs@bridgedec.chess.cornell.edu,remi@gentoo.org
jon.turney@dronecode.org.uk,peter.hutterer@who-t.net
jcristau@debian.org,jcook5376@gmail.com
remi@gentoo.org,jcook5376@gmail.com
jcook5376@gmail.com,djs@bridgedec.chess.cornell.edu
martin.vgagern@gmx.net,js@sig21.net
remi@gentoo.org,djs@bridgedec.chess.cornell.edu
jcook5376@gmail.com,remi@gentoo.org
chithanh@gentoo.org,peter.hutterer@who-t.net
i.am@jimramsay.com,remi@gentoo.org
marko.macek@gmx.net,jan@jgc.homeip.net
martin.vgagern@gmx.net,jon.turney@dronecode.org.uk
chithanh@gentoo.org,marko.macek@gmx.net
peter.hutterer@who-t.net,marko.macek@gmx.net
jcook5376@gmail.com,peter.hutterer@who-t.net
martin.vgagern@gmx.net,djs@bridgedec.chess.cornell.edu
peter.hutterer@who-t.net,djs@bridgedec.chess.cornell.edu
chithanh@gentoo.org,i.am@jimramsay.com
chithanh@gentoo.org,jan@jgc.homeip.net
jon.turney@dronecode.org.uk,jcristau@debian.org
js@sig21.net,remi@gentoo.org
marko.macek@gmx.net,remi@gentoo.org
marko.macek@gmx.net,jon.turney@dronecode.org.uk
jon.turney@dronecode.org.uk,jcook5376@gmail.com
jcristau@debian.org,js@sig21.net
peter.hutterer@who-t.net,jan@jgc.homeip.net
jcristau@debian.org,remi@gentoo.org
chithanh@gentoo.org,jon.turney@dronecode.org.uk
jcristau@debian.org,i.am@jimramsay.com
jon.turney@dronecode.org.uk,i.am@jimramsay.com
djs@bridgedec.chess.cornell.edu,jcook5376@gmail.com
jcristau@debian.org,jon.turney@dronecode.org.uk
i.am@jimramsay.com,jon.turney@dronecode.org.uk
i.am@jimramsay.com,peter.hutterer@who-t.net
jan@jgc.homeip.net,djs@bridgedec.chess.cornell.edu
peter.hutterer@who-t.net,i.am@jimramsay.com
jcristau@debian.org,martin.vgagern@gmx.net
martin.vgagern@gmx.net,remi@gentoo.org
jcristau@debian.org,jan@jgc.homeip.net
marko.macek@gmx.net,jcook5376@gmail.com
jcristau@debian.org,marko.macek@gmx.net
remi@gentoo.org,i.am@jimramsay.com
js@sig21.net,i.am@jimramsay.com
jon.turney@dronecode.org.uk,jan@jgc.homeip.net
marko.macek@gmx.net,peter.hutterer@who-t.net
js@sig21.net,peter.hutterer@who-t.net
peter.hutterer@who-t.net,martin.vgagern@gmx.net
jan@jgc.homeip.net,remi@gentoo.org
jon.turney@dronecode.org.uk,marko.macek@gmx.net
chithanh@gentoo.org,djs@bridgedec.chess.cornell.edu
chithanh@gentoo.org,martin.vgagern@gmx.net
jcristau@debian.org,djs@bridgedec.chess.cornell.edu
chithanh@gentoo.org,js@sig21.net
i.am@jimramsay.com,jcook5376@gmail.com
djs@bridgedec.chess.cornell.edu,i.am@jimramsay.com
