ralfjung-e@gmx.de,michel@daenzer.net
pharris@opentext.com,ralfjung-e@gmx.de
remi@gentoo.org,kde@michael-jansen.biz
pharris@opentext.com,remi@gentoo.org
jcristau@debian.org,przanoni@gmail.com
ralfjung-e@gmx.de,przanoni@gmail.com
ralfjung-e@gmx.de,kde@michael-jansen.biz
przanoni@gmail.com,orzel@freehackers.org
pharris@opentext.com,kde@michael-jansen.biz
michel@daenzer.net,remi@gentoo.org
jcristau@debian.org,pharris@opentext.com
jcristau@debian.org,orzel@freehackers.org
pharris@opentext.com,przanoni@gmail.com
pharris@opentext.com,michel@daenzer.net
orzel@freehackers.org,kde@michael-jansen.biz
jcristau@debian.org,remi@gentoo.org
przanoni@gmail.com,kde@michael-jansen.biz
orzel@freehackers.org,remi@gentoo.org
michel@daenzer.net,orzel@freehackers.org
michel@daenzer.net,kde@michael-jansen.biz
ralfjung-e@gmx.de,pharris@opentext.com
ralfjung-e@gmx.de,remi@gentoo.org
przanoni@gmail.com,remi@gentoo.org
ralfjung-e@gmx.de,orzel@freehackers.org
orzel@freehackers.org,przanoni@gmail.com
pharris@opentext.com,orzel@freehackers.org
jcristau@debian.org,michel@daenzer.net
michel@daenzer.net,przanoni@gmail.com
jcristau@debian.org,kde@michael-jansen.biz
jcristau@debian.org,ralfjung-e@gmx.de
