randrik@mail.ru,chrschmitt@gmail.com
chrschmitt@gmail.com,michel@tungstengraphics.com
cloos@jhcloos.com,michel@tungstengraphics.com
fredrik@kde.org,cloos@jhcloos.com
chrschmitt@gmail.com,randrik@mail.ru
chemobejk@gmail.com,fredrik@kde.org
chemobejk@gmail.com,chrschmitt@gmail.com
chemobejk@gmail.com,randrik@mail.ru
bernie@codewiz.org,chrschmitt@gmail.com
michel@tungstengraphics.com,cloos@jhcloos.com
randrik@mail.ru,michel@tungstengraphics.com
bernie@codewiz.org,cloos@jhcloos.com
michel@daenzer.net,cloos@jhcloos.com
fredrik@kde.org,randrik@mail.ru
michel@daenzer.net,michel@tungstengraphics.com
randrik@mail.ru,chemobejk@gmail.com
chrschmitt@gmail.com,chemobejk@gmail.com
michel@daenzer.net,chemobejk@gmail.com
bernie@codewiz.org,chemobejk@gmail.com
michel@tungstengraphics.com,chrschmitt@gmail.com
michel@tungstengraphics.com,chemobejk@gmail.com
michel@tungstengraphics.com,fredrik@kde.org
cloos@jhcloos.com,chemobejk@gmail.com
randrik@mail.ru,fredrik@kde.org
bernie@codewiz.org,randrik@mail.ru
michel@tungstengraphics.com,randrik@mail.ru
cloos@jhcloos.com,chrschmitt@gmail.com
bernie@codewiz.org,michel@tungstengraphics.com
cloos@jhcloos.com,randrik@mail.ru
michel@daenzer.net,fredrik@kde.org
randrik@mail.ru,cloos@jhcloos.com
michel@daenzer.net,randrik@mail.ru
michel@daenzer.net,chrschmitt@gmail.com
fredrik@kde.org,chrschmitt@gmail.com
chrschmitt@gmail.com,fredrik@kde.org
cloos@jhcloos.com,fredrik@kde.org
bernie@codewiz.org,fredrik@kde.org
bernie@codewiz.org,michel@daenzer.net
fredrik@kde.org,michel@tungstengraphics.com
chemobejk@gmail.com,michel@tungstengraphics.com
chrschmitt@gmail.com,cloos@jhcloos.com
chemobejk@gmail.com,cloos@jhcloos.com
michel@daenzer.net,bernie@codewiz.org
