rasasi78@gmail.com,psyke@eircom.net
templ@case.edu,rasasi78@gmail.com
samuel.thibault@ens-lyon.org,templ@case.edu
xhejtman@fi.muni.cz,rasasi78@gmail.com
samuel.thibault@ens-lyon.org,rasasi78@gmail.com
xhejtman@fi.muni.cz,psyke@eircom.net
psyke@eircom.net,rasasi78@gmail.com
rasasi78@gmail.com,samuel.thibault@ens-lyon.org
samuel.thibault@ens-lyon.org,psyke@eircom.net
psyke@eircom.net,templ@case.edu
xhejtman@fi.muni.cz,samuel.thibault@ens-lyon.org
rasasi78@gmail.com,xhejtman@fi.muni.cz
samuel.thibault@ens-lyon.org,xhejtman@fi.muni.cz
xhejtman@fi.muni.cz,templ@case.edu
rasasi78@gmail.com,templ@case.edu
