fdziarmagowski@gmail.com,tsdh@gnu.org
chris@chris-wilson.co.uk,remi@gentoo.org
chris@chris-wilson.co.uk,chalserogers@gmail.com
chalserogers@gmail.com,tsdh@gnu.org
chalserogers@gmail.com,remi@gentoo.org
remi@gentoo.org,fdziarmagowski@gmail.com
remi@gentoo.org,tsdh@gnu.org
fdziarmagowski@gmail.com,chris@chris-wilson.co.uk
chalserogers@gmail.com,fdziarmagowski@gmail.com
fdziarmagowski@gmail.com,remi@gentoo.org
chris@chris-wilson.co.uk,fdziarmagowski@gmail.com
chris@chris-wilson.co.uk,tsdh@gnu.org
chalserogers@gmail.com,chris@chris-wilson.co.uk
tsdh@gnu.org,fdziarmagowski@gmail.com
