slapinid@gmail.com,lure@ubuntu.com
mjd+freedesktop.org@afork.com,lure@ubuntu.com
slapinid@gmail.com,chris@chris-wilson.co.uk
slapinid@gmail.com,przanoni@gmail.com
chris@chris-wilson.co.uk,2@0x2c.org
chris@chris-wilson.co.uk,seventhguardian@gmail.com
2@0x2c.org,lure@ubuntu.com
przanoni@gmail.com,lure@ubuntu.com
slapinid@gmail.com,seventhguardian@gmail.com
mattst88@gmail.com,mjd+freedesktop.org@afork.com
slapinid@gmail.com,2@0x2c.org
slapinid@gmail.com,mjd+freedesktop.org@afork.com
slapinid@gmail.com,jeremyhu@freedesktop.org
2@0x2c.org,seventhguardian@gmail.com
seventhguardian@gmail.com,lure@ubuntu.com
mattst88@gmail.com,lure@ubuntu.com
slapinid@gmail.com,mattst88@gmail.com
jeremyhu@freedesktop.org,2@0x2c.org
mjd+freedesktop.org@afork.com,chris@chris-wilson.co.uk
jeremyhu@freedesktop.org,seventhguardian@gmail.com
mjd+freedesktop.org@afork.com,seventhguardian@gmail.com
mattst88@gmail.com,przanoni@gmail.com
mjd+freedesktop.org@afork.com,przanoni@gmail.com
mattst88@gmail.com,seventhguardian@gmail.com
jeremyhu@freedesktop.org,chris@chris-wilson.co.uk
mjd+freedesktop.org@afork.com,2@0x2c.org
2@0x2c.org,przanoni@gmail.com
jeremyhu@freedesktop.org,mattst88@gmail.com
chris@chris-wilson.co.uk,lure@ubuntu.com
przanoni@gmail.com,chris@chris-wilson.co.uk
jeremyhu@freedesktop.org,przanoni@gmail.com
chris@chris-wilson.co.uk,przanoni@gmail.com
seventhguardian@gmail.com,chris@chris-wilson.co.uk
mattst88@gmail.com,chris@chris-wilson.co.uk
jeremyhu@freedesktop.org,lure@ubuntu.com
jeremyhu@freedesktop.org,mjd+freedesktop.org@afork.com
mattst88@gmail.com,2@0x2c.org
seventhguardian@gmail.com,przanoni@gmail.com
2@0x2c.org,chris@chris-wilson.co.uk
