rafael@riseup.net,gordon.jin@intel.com
gordon.jin@intel.com,hong.liu@intel.com
alexdeucher@gmail.com,simon.farnsworth@onelan.co.uk
rbu@gentoo.org,jbarnes@virtuousgeek.org
gordon.jin@intel.com,nalldrin@gmail.com
gordon.jin@intel.com,andreas.8aer@googlemail.com
alexdeucher@gmail.com,rbu@gentoo.org
rafael@riseup.net,simon.farnsworth@onelan.co.uk
simon.farnsworth@onelan.co.uk,hong.liu@intel.com
nalldrin@gmail.com,rafael@riseup.net
alexdeucher@gmail.com,gordon.jin@intel.com
hong.liu@intel.com,rbu@gentoo.org
alexdeucher@gmail.com,andreas.8aer@googlemail.com
jcristau@debian.org,bug@dyroff.org
rbu@gentoo.org,simon.farnsworth@onelan.co.uk
jcristau@debian.org,rbu@gentoo.org
rbu@gentoo.org,bug@dyroff.org
michael.fu@intel.com,bug@dyroff.org
jbarnes@virtuousgeek.org,michael.fu@intel.com
jcristau@debian.org,rafael@riseup.net
michael.fu@intel.com,gordon.jin@intel.com
nalldrin@gmail.com,bug@dyroff.org
andreas.8aer@googlemail.com,nalldrin@gmail.com
jcristau@debian.org,nalldrin@gmail.com
jcristau@debian.org,andreas.8aer@googlemail.com
michael.fu@intel.com,hong.liu@intel.com
andreas.8aer@googlemail.com,hong.liu@intel.com
nalldrin@gmail.com,hong.liu@intel.com
andreas.8aer@googlemail.com,simon.farnsworth@onelan.co.uk
jcristau@debian.org,alexdeucher@gmail.com
alexdeucher@gmail.com,nalldrin@gmail.com
alexdeucher@gmail.com,bug@dyroff.org
jbarnes@virtuousgeek.org,gordon.jin@intel.com
andreas.8aer@googlemail.com,bug@dyroff.org
nalldrin@gmail.com,gordon.jin@intel.com
rafael@riseup.net,bug@dyroff.org
simon.farnsworth@onelan.co.uk,gordon.jin@intel.com
simon.farnsworth@onelan.co.uk,michael.fu@intel.com
alexdeucher@gmail.com,rafael@riseup.net
jcristau@debian.org,michael.fu@intel.com
gordon.jin@intel.com,rafael@riseup.net
jcristau@debian.org,jbarnes@virtuousgeek.org
jbarnes@virtuousgeek.org,alexdeucher@gmail.com
nalldrin@gmail.com,michael.fu@intel.com
andreas.8aer@googlemail.com,michael.fu@intel.com
gordon.jin@intel.com,rbu@gentoo.org
jbarnes@virtuousgeek.org,rbu@gentoo.org
simon.farnsworth@onelan.co.uk,rbu@gentoo.org
gordon.jin@intel.com,simon.farnsworth@onelan.co.uk
gordon.jin@intel.com,jbarnes@virtuousgeek.org
hong.liu@intel.com,gordon.jin@intel.com
rafael@riseup.net,jbarnes@virtuousgeek.org
rbu@gentoo.org,gordon.jin@intel.com
andreas.8aer@googlemail.com,rbu@gentoo.org
gordon.jin@intel.com,alexdeucher@gmail.com
jbarnes@virtuousgeek.org,nalldrin@gmail.com
andreas.8aer@googlemail.com,rafael@riseup.net
jcristau@debian.org,gordon.jin@intel.com
rbu@gentoo.org,nalldrin@gmail.com
jbarnes@virtuousgeek.org,rafael@riseup.net
michael.fu@intel.com,rbu@gentoo.org
alexdeucher@gmail.com,michael.fu@intel.com
jcristau@debian.org,simon.farnsworth@onelan.co.uk
rbu@gentoo.org,michael.fu@intel.com
andreas.8aer@googlemail.com,jbarnes@virtuousgeek.org
jcristau@debian.org,hong.liu@intel.com
rafael@riseup.net,michael.fu@intel.com
nalldrin@gmail.com,jbarnes@virtuousgeek.org
gordon.jin@intel.com,michael.fu@intel.com
alexdeucher@gmail.com,jbarnes@virtuousgeek.org
andreas.8aer@googlemail.com,gordon.jin@intel.com
jbarnes@virtuousgeek.org,bug@dyroff.org
hong.liu@intel.com,bug@dyroff.org
alexdeucher@gmail.com,hong.liu@intel.com
gordon.jin@intel.com,bug@dyroff.org
jbarnes@virtuousgeek.org,simon.farnsworth@onelan.co.uk
jbarnes@virtuousgeek.org,andreas.8aer@googlemail.com
rafael@riseup.net,rbu@gentoo.org
jbarnes@virtuousgeek.org,hong.liu@intel.com
nalldrin@gmail.com,simon.farnsworth@onelan.co.uk
rbu@gentoo.org,hong.liu@intel.com
rbu@gentoo.org,andreas.8aer@googlemail.com
simon.farnsworth@onelan.co.uk,bug@dyroff.org
rbu@gentoo.org,rafael@riseup.net
hong.liu@intel.com,michael.fu@intel.com
simon.farnsworth@onelan.co.uk,jbarnes@virtuousgeek.org
rafael@riseup.net,hong.liu@intel.com
nalldrin@gmail.com,rbu@gentoo.org
