eric@anholt.net,jian.j.zhao@intel.com
remi@gentoo.org,bero@lindev.ch
zhenyu.z.wang@intel.com,michel@daenzer.net
eric@anholt.net,galtgendo@o2.pl
fatih@pardus.org.tr,bero@lindev.ch
galtgendo@o2.pl,zhenyu.z.wang@intel.com
fatih@pardus.org.tr,zhenyu.z.wang@intel.com
zhenyu.z.wang@intel.com,fatih@pardus.org.tr
eric@anholt.net,bero@lindev.ch
remi@gentoo.org,fatih@pardus.org.tr
jian.j.zhao@intel.com,gordon.jin@intel.com
michel@daenzer.net,fatih@pardus.org.tr
remi@gentoo.org,jian.j.zhao@intel.com
galtgendo@o2.pl,bero@lindev.ch
gordon.jin@intel.com,michel@daenzer.net
gordon.jin@intel.com,zhenyu.z.wang@intel.com
jian.j.zhao@intel.com,bero@lindev.ch
bero@lindev.ch,fatih@pardus.org.tr
bero@lindev.ch,galtgendo@o2.pl
eric@anholt.net,michel@daenzer.net
bero@lindev.ch,michel@daenzer.net
eric@anholt.net,zhenyu.z.wang@intel.com
remi@gentoo.org,zhenyu.z.wang@intel.com
zhenyu.z.wang@intel.com,bero@lindev.ch
galtgendo@o2.pl,michel@daenzer.net
michel@daenzer.net,gordon.jin@intel.com
michel@daenzer.net,remi@gentoo.org
bero@lindev.ch,gordon.jin@intel.com
zhenyu.z.wang@intel.com,gordon.jin@intel.com
fatih@pardus.org.tr,remi@gentoo.org
eric@anholt.net,gordon.jin@intel.com
fatih@pardus.org.tr,gordon.jin@intel.com
michel@daenzer.net,zhenyu.z.wang@intel.com
gordon.jin@intel.com,remi@gentoo.org
eric@anholt.net,remi@gentoo.org
galtgendo@o2.pl,gordon.jin@intel.com
gordon.jin@intel.com,bero@lindev.ch
michel@daenzer.net,galtgendo@o2.pl
fatih@pardus.org.tr,jian.j.zhao@intel.com
zhenyu.z.wang@intel.com,remi@gentoo.org
galtgendo@o2.pl,jian.j.zhao@intel.com
bero@lindev.ch,remi@gentoo.org
fatih@pardus.org.tr,michel@daenzer.net
eric@anholt.net,fatih@pardus.org.tr
gordon.jin@intel.com,fatih@pardus.org.tr
remi@gentoo.org,gordon.jin@intel.com
remi@gentoo.org,michel@daenzer.net
bero@lindev.ch,zhenyu.z.wang@intel.com
gordon.jin@intel.com,jian.j.zhao@intel.com
remi@gentoo.org,galtgendo@o2.pl
galtgendo@o2.pl,fatih@pardus.org.tr
fatih@pardus.org.tr,galtgendo@o2.pl
jian.j.zhao@intel.com,michel@daenzer.net
bero@lindev.ch,jian.j.zhao@intel.com
zhenyu.z.wang@intel.com,jian.j.zhao@intel.com
galtgendo@o2.pl,remi@gentoo.org
michel@daenzer.net,bero@lindev.ch
michel@daenzer.net,jian.j.zhao@intel.com
