galtgendo@o2.pl,alan.coopersmith@oracle.com
alan.coopersmith@oracle.com,peter.hutterer@who-t.net
lisaev@indiana.edu,galtgendo@o2.pl
slash@ac.auone-net.jp,peter.hutterer@who-t.net
slash@ac.auone-net.jp,alan.coopersmith@oracle.com
slash@ac.auone-net.jp,galtgendo@o2.pl
slash@ac.auone-net.jp,igord@fastmail.fm
alan.coopersmith@oracle.com,galtgendo@o2.pl
galtgendo@o2.pl,slash@ac.auone-net.jp
peter.hutterer@who-t.net,galtgendo@o2.pl
peter.hutterer@who-t.net,igord@fastmail.fm
galtgendo@o2.pl,lisaev@indiana.edu
peter.hutterer@who-t.net,alan.coopersmith@oracle.com
lisaev@indiana.edu,igord@fastmail.fm
alan.coopersmith@oracle.com,igord@fastmail.fm
alan.coopersmith@oracle.com,lisaev@indiana.edu
galtgendo@o2.pl,igord@fastmail.fm
lisaev@indiana.edu,peter.hutterer@who-t.net
slash@ac.auone-net.jp,lisaev@indiana.edu
lisaev@indiana.edu,alan.coopersmith@oracle.com
igord@fastmail.fm,galtgendo@o2.pl
galtgendo@o2.pl,peter.hutterer@who-t.net
peter.hutterer@who-t.net,lisaev@indiana.edu
peter.hutterer@who-t.net,slash@ac.auone-net.jp
