chris@chris-wilson.co.uk,bastian.beischer@rwth-aachen.de
michel@daenzer.net,chris@chris-wilson.co.uk
chris@chris-wilson.co.uk,jonas.h.lundberg@gmail.com
bastian.beischer@rwth-aachen.de,jonas.h.lundberg@gmail.com
michel@daenzer.net,bastian.beischer@rwth-aachen.de
jonas.h.lundberg@gmail.com,bastian.beischer@rwth-aachen.de
michel@daenzer.net,jonas.h.lundberg@gmail.com
jonas.h.lundberg@gmail.com,michel@daenzer.net
chris@chris-wilson.co.uk,michel@daenzer.net
bastian.beischer@rwth-aachen.de,michel@daenzer.net
