jeremyhu@freedesktop.org,gordon.jin@intel.com
jeremyhu@freedesktop.org,flameeyes@flameeyes.eu
flameeyes@flameeyes.eu,dank@kegel.com
flameeyes@flameeyes.eu,andreas.moog@warperbbs.de
chris@chris-wilson.co.uk,gordon.jin@intel.com
jeremyhu@freedesktop.org,andreas.moog@warperbbs.de
gordon.jin@intel.com,flameeyes@flameeyes.eu
chris@chris-wilson.co.uk,flameeyes@flameeyes.eu
gordon.jin@intel.com,dank@kegel.com
gordon.jin@intel.com,andreas.moog@warperbbs.de
chris@chris-wilson.co.uk,dank@kegel.com
dank@kegel.com,andreas.moog@warperbbs.de
jeremyhu@freedesktop.org,chris@chris-wilson.co.uk
jeremyhu@freedesktop.org,dank@kegel.com
chris@chris-wilson.co.uk,andreas.moog@warperbbs.de
