mbarc.bowen@rcn.com,nick@webthing.com
nick@webthing.com,nd@perlig.de
tyler@nas.net,jorton@redhat.com
tyler@nas.net,nick@webthing.com
mbarc.bowen@rcn.com,dswhite42@yahoo.com
mbarc.bowen@rcn.com,tyler@nas.net
jorton@redhat.com,nick@webthing.com
dswhite42@yahoo.com,filip.sneppe@uptime.be
filip.sneppe@uptime.be,jorton@redhat.com
jorton@redhat.com,filip.sneppe@uptime.be
mbarc.bowen@rcn.com,nd@perlig.de
dswhite42@yahoo.com,nick@webthing.com
jorton@redhat.com,dswhite42@yahoo.com
dswhite42@yahoo.com,nd@perlig.de
mbarc.bowen@rcn.com,filip.sneppe@uptime.be
dswhite42@yahoo.com,tyler@nas.net
jorton@redhat.com,nd@perlig.de
nick@webthing.com,filip.sneppe@uptime.be
nd@perlig.de,jorton@redhat.com
tyler@nas.net,nd@perlig.de
tyler@nas.net,filip.sneppe@uptime.be
nd@perlig.de,filip.sneppe@uptime.be
nick@webthing.com,jorton@redhat.com
mbarc.bowen@rcn.com,jorton@redhat.com
dswhite42@yahoo.com,jorton@redhat.com
jorton@redhat.com,tyler@nas.net
