joe@manyfish.co.uk,ddyer@real-me.net
trawick@apache.org,wrowe@apache.org
wrowe@apache.org,slive@apache.org
joe@manyfish.co.uk,slive@apache.org
trawick@apache.org,ddyer@real-me.net
jorton@redhat.com,trawick@apache.org
trawick@apache.org,slive@apache.org
joe@manyfish.co.uk,wrowe@apache.org
jorton@redhat.com,slive@apache.org
slive@apache.org,ddyer@real-me.net
jorton@redhat.com,wrowe@apache.org
ddyer@real-me.net,slive@apache.org
jorton@redhat.com,joe@manyfish.co.uk
joe@manyfish.co.uk,trawick@apache.org
ddyer@real-me.net,wrowe@apache.org
jorton@redhat.com,ddyer@real-me.net
wrowe@apache.org,ddyer@real-me.net
