roland.illig@gmx.de,willy@debian.org
roland.illig@gmx.de,abatko@cs.mcgill.ca
frankbugs@x09.de,willy@debian.org
sf@sfritsch.de,frankbugs@x09.de
apache-0@rachinsky.de,abatko@cs.mcgill.ca
frankbugs@x09.de,abatko@cs.mcgill.ca
sf@sfritsch.de,willy@debian.org
apache-0@rachinsky.de,willy@debian.org
sf@sfritsch.de,apache-0@rachinsky.de
willy@debian.org,abatko@cs.mcgill.ca
frankbugs@x09.de,apache-0@rachinsky.de
roland.illig@gmx.de,apache-0@rachinsky.de
willy@debian.org,apache-0@rachinsky.de
sf@sfritsch.de,roland.illig@gmx.de
sf@sfritsch.de,abatko@cs.mcgill.ca
apache-0@rachinsky.de,roland.illig@gmx.de
frankbugs@x09.de,roland.illig@gmx.de
