rpluem@apache.org,nekomaho@gmail.com
rainer.jung@kippdata.de,jorton@redhat.com
ramjisro@yahoo.com,nekomaho@gmail.com
rainer.jung@kippdata.de,nekomaho@gmail.com
rainer.jung@kippdata.de,rpluem@apache.org
jorton@redhat.com,ramjisro@yahoo.com
jorton@redhat.com,nekomaho@gmail.com
marc.stern@approach.be,rpluem@apache.org
rainer.jung@kippdata.de,ramjisro@yahoo.com
nekomaho@gmail.com,rpluem@apache.org
rainer.jung@kippdata.de,marc.stern@approach.be
nekomaho@gmail.com,ramjisro@yahoo.com
marc.stern@approach.be,nekomaho@gmail.com
marc.stern@approach.be,ramjisro@yahoo.com
jorton@redhat.com,marc.stern@approach.be
ramjisro@yahoo.com,rpluem@apache.org
jorton@redhat.com,rpluem@apache.org
