bbb@cpan.org,redwoodtree@mac.com
nd@perlig.de,slive@apache.org
nic@uklinux.net,apache-bugzilla-20040415@djce.org.uk
trawick@apache.org,alec@edworthyuk.co.uk
carl@bl.echidna.id.au,apache-bugzilla-20040415@djce.org.uk
bbb@cpan.org,carl@bl.echidna.id.au
trawick@apache.org,brandon@tryplec.com
apache-bugzilla-20040415@djce.org.uk,gstein@gmail.com
nd@perlig.de,trawick@apache.org
dougapache@claar.org,redwoodtree@mac.com
bbb@cpan.org,wscott@bitmover.com
bbb@cpan.org,apache-bugzilla-20040415@djce.org.uk
nic@uklinux.net,carl@bl.echidna.id.au
alec@edworthyuk.co.uk,bbb@cpan.org
bbb@cpan.org,gstein@gmail.com
carl@bl.echidna.id.au,slive@apache.org
nic@uklinux.net,brandon@tryplec.com
dwtrusty@hotmail.com,nd@perlig.de
wscott@bitmover.com,alec@edworthyuk.co.uk
wscott@bitmover.com,brandon@tryplec.com
carl@bl.echidna.id.au,bbb@cpan.org
redwoodtree@mac.com,trawick@apache.org
dwtrusty@hotmail.com,carl@bl.echidna.id.au
gstein@gmail.com,bbb@cpan.org
gstein@gmail.com,slive@apache.org
wscott@bitmover.com,gstein@gmail.com
apache-bugzilla-20040415@djce.org.uk,alec@edworthyuk.co.uk
bbb@cpan.org,trawick@apache.org
dougapache@claar.org,nic@uklinux.net
dwtrusty@hotmail.com,nic@uklinux.net
bbb@cpan.org,nd@perlig.de
trawick@apache.org,apache-bugzilla-20040415@djce.org.uk
trawick@apache.org,bbb@cpan.org
jorton@redhat.com,apache-bugzilla-20040415@djce.org.uk
redwoodtree@mac.com,brandon@tryplec.com
apache-bugzilla-20040415@djce.org.uk,bbb@cpan.org
apache-bugzilla-20040415@djce.org.uk,redwoodtree@mac.com
dougapache@claar.org,wscott@bitmover.com
apache-bugzilla-20040415@djce.org.uk,wscott@bitmover.com
dougapache@claar.org,slive@apache.org
trawick@apache.org,wscott@bitmover.com
nd@perlig.de,brandon@tryplec.com
dwtrusty@hotmail.com,redwoodtree@mac.com
dwtrusty@hotmail.com,jorton@redhat.com
alec@edworthyuk.co.uk,trawick@apache.org
apache-bugzilla-20040415@djce.org.uk,slive@apache.org
jorton@redhat.com,trawick@apache.org
trawick@apache.org,jorton@redhat.com
nd@perlig.de,alec@edworthyuk.co.uk
nic@uklinux.net,wscott@bitmover.com
dougapache@claar.org,jorton@redhat.com
carl@bl.echidna.id.au,nic@uklinux.net
carl@bl.echidna.id.au,redwoodtree@mac.com
dwtrusty@hotmail.com,wscott@bitmover.com
nd@perlig.de,gstein@gmail.com
dougapache@claar.org,alec@edworthyuk.co.uk
jorton@redhat.com,bbb@cpan.org
apache-bugzilla-20040415@djce.org.uk,trawick@apache.org
gstein@gmail.com,brandon@tryplec.com
nd@perlig.de,bbb@cpan.org
dougapache@claar.org,bbb@cpan.org
dwtrusty@hotmail.com,trawick@apache.org
dwtrusty@hotmail.com,gstein@gmail.com
nic@uklinux.net,gstein@gmail.com
jorton@redhat.com,brandon@tryplec.com
nd@perlig.de,carl@bl.echidna.id.au
alec@edworthyuk.co.uk,carl@bl.echidna.id.au
jorton@redhat.com,nd@perlig.de
gstein@gmail.com,trawick@apache.org
carl@bl.echidna.id.au,jorton@redhat.com
slive@apache.org,brandon@tryplec.com
bbb@cpan.org,jorton@redhat.com
alec@edworthyuk.co.uk,gstein@gmail.com
nic@uklinux.net,bbb@cpan.org
redwoodtree@mac.com,bbb@cpan.org
dougapache@claar.org,carl@bl.echidna.id.au
jorton@redhat.com,alec@edworthyuk.co.uk
alec@edworthyuk.co.uk,jorton@redhat.com
nd@perlig.de,nic@uklinux.net
nd@perlig.de,redwoodtree@mac.com
nic@uklinux.net,jorton@redhat.com
apache-bugzilla-20040415@djce.org.uk,brandon@tryplec.com
dougapache@claar.org,gstein@gmail.com
carl@bl.echidna.id.au,alec@edworthyuk.co.uk
alec@edworthyuk.co.uk,wscott@bitmover.com
jorton@redhat.com,nic@uklinux.net
wscott@bitmover.com,carl@bl.echidna.id.au
nic@uklinux.net,slive@apache.org
carl@bl.echidna.id.au,brandon@tryplec.com
dwtrusty@hotmail.com,brandon@tryplec.com
alec@edworthyuk.co.uk,apache-bugzilla-20040415@djce.org.uk
jorton@redhat.com,slive@apache.org
wscott@bitmover.com,redwoodtree@mac.com
nd@perlig.de,wscott@bitmover.com
jorton@redhat.com,wscott@bitmover.com
apache-bugzilla-20040415@djce.org.uk,carl@bl.echidna.id.au
dougapache@claar.org,apache-bugzilla-20040415@djce.org.uk
trawick@apache.org,carl@bl.echidna.id.au
wscott@bitmover.com,bbb@cpan.org
jorton@redhat.com,gstein@gmail.com
dougapache@claar.org,trawick@apache.org
nic@uklinux.net,redwoodtree@mac.com
nd@perlig.de,jorton@redhat.com
dwtrusty@hotmail.com,apache-bugzilla-20040415@djce.org.uk
bbb@cpan.org,alec@edworthyuk.co.uk
wscott@bitmover.com,trawick@apache.org
nic@uklinux.net,trawick@apache.org
nd@perlig.de,apache-bugzilla-20040415@djce.org.uk
dougapache@claar.org,nd@perlig.de
alec@edworthyuk.co.uk,redwoodtree@mac.com
bbb@cpan.org,slive@apache.org
carl@bl.echidna.id.au,trawick@apache.org
trawick@apache.org,gstein@gmail.com
nic@uklinux.net,alec@edworthyuk.co.uk
alec@edworthyuk.co.uk,brandon@tryplec.com
dwtrusty@hotmail.com,bbb@cpan.org
jorton@redhat.com,dwtrusty@hotmail.com
redwoodtree@mac.com,slive@apache.org
bbb@cpan.org,brandon@tryplec.com
trawick@apache.org,slive@apache.org
trawick@apache.org,redwoodtree@mac.com
alec@edworthyuk.co.uk,slive@apache.org
jorton@redhat.com,redwoodtree@mac.com
dougapache@claar.org,dwtrusty@hotmail.com
jorton@redhat.com,carl@bl.echidna.id.au
carl@bl.echidna.id.au,wscott@bitmover.com
dougapache@claar.org,brandon@tryplec.com
dwtrusty@hotmail.com,slive@apache.org
gstein@gmail.com,redwoodtree@mac.com
wscott@bitmover.com,slive@apache.org
dwtrusty@hotmail.com,alec@edworthyuk.co.uk
trawick@apache.org,nic@uklinux.net
bbb@cpan.org,nic@uklinux.net
carl@bl.echidna.id.au,gstein@gmail.com
