joshua.hirsh@partnersolutions.ca,nick@webthing.com
joshua.hirsh@partnersolutions.ca,rl@math.technion.ac.il
cahya@mail.com,phil_g@pobox.com
jorton@redhat.com,phil_g@pobox.com
jorton@redhat.com,cahya@mail.com
cahya@mail.com,joshua.hirsh@partnersolutions.ca
cahya@mail.com,rl@math.technion.ac.il
nick@webthing.com,phil_g@pobox.com
joshua.hirsh@partnersolutions.ca,phil_g@pobox.com
jorton@redhat.com,rl@math.technion.ac.il
jorton@redhat.com,nick@webthing.com
cahya@mail.com,nick@webthing.com
rl@math.technion.ac.il,phil_g@pobox.com
jorton@redhat.com,joshua.hirsh@partnersolutions.ca
nick@webthing.com,rl@math.technion.ac.il
