julian.reschke@gmx.de,werner.baumann@onlinehome.de
tolsen@alum.mit.edu,julian.reschke@gmx.de
simon.perreault@viagenie.ca,julian.reschke@gmx.de
werner.baumann@onlinehome.de,michael@metaparadigm.com
michael@metaparadigm.com,simon.perreault@viagenie.ca
tolsen@alum.mit.edu,werner.baumann@onlinehome.de
rpluem@apache.org,simon.perreault@viagenie.ca
julian.reschke@gmx.de,tolsen@alum.mit.edu
rpluem@apache.org,werner.baumann@onlinehome.de
rpluem@apache.org,tolsen@alum.mit.edu
michael@metaparadigm.com,julian.reschke@gmx.de
julian.reschke@gmx.de,simon.perreault@viagenie.ca
rpluem@apache.org,michael@metaparadigm.com
michael@metaparadigm.com,werner.baumann@onlinehome.de
michael@metaparadigm.com,rpluem@apache.org
julian.reschke@gmx.de,rpluem@apache.org
julian.reschke@gmx.de,michael@metaparadigm.com
tolsen@alum.mit.edu,simon.perreault@viagenie.ca
werner.baumann@onlinehome.de,julian.reschke@gmx.de
tolsen@alum.mit.edu,rpluem@apache.org
rpluem@apache.org,julian.reschke@gmx.de
michael@metaparadigm.com,tolsen@alum.mit.edu
tolsen@alum.mit.edu,michael@metaparadigm.com
simon.perreault@viagenie.ca,werner.baumann@onlinehome.de
werner.baumann@onlinehome.de,rpluem@apache.org
simon.perreault@viagenie.ca,tolsen@alum.mit.edu
werner.baumann@onlinehome.de,tolsen@alum.mit.edu
werner.baumann@onlinehome.de,simon.perreault@viagenie.ca
