reg@argi.ru,bobsiegen@googlemail.com
reg@argi.ru,ian@ianbrandt.com
budzynowski@gmail.com,seth.purcell@unlabeled.com
budzynowski@gmail.com,covener@gmail.com
reg@argi.ru,nakedddrfreak@gmail.com
seth.purcell@unlabeled.com,gormanjz@hotmail.com
gormanjz@hotmail.com,ian@ianbrandt.com
covener@gmail.com,ian@ianbrandt.com
reg@argi.ru,seth.purcell@unlabeled.com
gormanjz@hotmail.com,bobsiegen@googlemail.com
seth.purcell@unlabeled.com,budzynowski@gmail.com
nakedddrfreak@gmail.com,gormanjz@hotmail.com
bobsiegen@googlemail.com,gormanjz@hotmail.com
nakedddrfreak@gmail.com,bobsiegen@googlemail.com
seth.purcell@unlabeled.com,ian@ianbrandt.com
reg@argi.ru,budzynowski@gmail.com
budzynowski@gmail.com,gormanjz@hotmail.com
covener@gmail.com,bobsiegen@googlemail.com
bobsiegen@googlemail.com,seth.purcell@unlabeled.com
bobsiegen@googlemail.com,covener@gmail.com
seth.purcell@unlabeled.com,covener@gmail.com
ian@ianbrandt.com,bobsiegen@googlemail.com
seth.purcell@unlabeled.com,bobsiegen@googlemail.com
bobsiegen@googlemail.com,budzynowski@gmail.com
covener@gmail.com,seth.purcell@unlabeled.com
reg@argi.ru,covener@gmail.com
bobsiegen@googlemail.com,nakedddrfreak@gmail.com
covener@gmail.com,nakedddrfreak@gmail.com
bobsiegen@googlemail.com,ian@ianbrandt.com
seth.purcell@unlabeled.com,nakedddrfreak@gmail.com
nakedddrfreak@gmail.com,ian@ianbrandt.com
covener@gmail.com,gormanjz@hotmail.com
budzynowski@gmail.com,bobsiegen@googlemail.com
covener@gmail.com,reg@argi.ru
covener@gmail.com,budzynowski@gmail.com
reg@argi.ru,gormanjz@hotmail.com
budzynowski@gmail.com,ian@ianbrandt.com
budzynowski@gmail.com,nakedddrfreak@gmail.com
