moz@liebesgedichte.siteware.ch,bnicholes@apache.org
apache@syseca-ac.e4ward.com,moz@liebesgedichte.siteware.ch
khym@azeotrope.org,covener@gmail.com
covener@gmail.com,bnicholes@apache.org
apache@syseca-ac.e4ward.com,trawick@apache.org
asf@salminen.info,4chrisj@gmail.com
apache@syseca-ac.e4ward.com,christian.knuechel@gmx.de
dopey@moonteeth.com,moz@liebesgedichte.siteware.ch
dopey@moonteeth.com,covener@gmail.com
bnicholes@apache.org,moz@liebesgedichte.siteware.ch
markphip@gmail.com,apache@syseca-ac.e4ward.com
4chrisj@gmail.com,christian.knuechel@gmx.de
rpluem@apache.org,wrowe@apache.org
tom.donovan@acm.org,christian.knuechel@gmx.de
rpluem@apache.org,bnicholes@apache.org
covener@gmail.com,rpluem@apache.org
wrowe@apache.org,covener@gmail.com
tom.donovan@acm.org,trawick@apache.org
markphip@gmail.com,christian.knuechel@gmx.de
wrowe@apache.org,moz@liebesgedichte.siteware.ch
apache@syseca-ac.e4ward.com,jsestri2@uiuc.edu
markphip@gmail.com,rpluem@apache.org
apache@syseca-ac.e4ward.com,asf@salminen.info
khym@azeotrope.org,trawick@apache.org
rpluem@apache.org,trawick@apache.org
khym@azeotrope.org,4chrisj@gmail.com
wrowe@apache.org,4chrisj@gmail.com
covener@gmail.com,moz@liebesgedichte.siteware.ch
tom.donovan@acm.org,khym@azeotrope.org
covener@gmail.com,tom.donovan@acm.org
markphip@gmail.com,bnicholes@apache.org
covener@gmail.com,apache@syseca-ac.e4ward.com
apache@syseca-ac.e4ward.com,bnicholes@apache.org
covener@gmail.com,christian.knuechel@gmx.de
rpluem@apache.org,khym@azeotrope.org
rpluem@apache.org,4chrisj@gmail.com
markphip@gmail.com,khym@azeotrope.org
bnicholes@apache.org,jsestri2@uiuc.edu
bnicholes@apache.org,apache@syseca-ac.e4ward.com
wrowe@apache.org,christian.knuechel@gmx.de
rpluem@apache.org,tom.donovan@acm.org
dopey@moonteeth.com,christian.knuechel@gmx.de
wrowe@apache.org,asf@salminen.info
moz@liebesgedichte.siteware.ch,asf@salminen.info
rpluem@apache.org,christian.knuechel@gmx.de
moz@liebesgedichte.siteware.ch,trawick@apache.org
dopey@moonteeth.com,jsestri2@uiuc.edu
tom.donovan@acm.org,jsestri2@uiuc.edu
khym@azeotrope.org,asf@salminen.info
khym@azeotrope.org,christian.knuechel@gmx.de
asf@salminen.info,jsestri2@uiuc.edu
khym@azeotrope.org,moz@liebesgedichte.siteware.ch
covener@gmail.com,asf@salminen.info
moz@liebesgedichte.siteware.ch,4chrisj@gmail.com
rpluem@apache.org,dopey@moonteeth.com
markphip@gmail.com,dopey@moonteeth.com
rpluem@apache.org,asf@salminen.info
covener@gmail.com,khym@azeotrope.org
asf@salminen.info,moz@liebesgedichte.siteware.ch
asf@salminen.info,bnicholes@apache.org
khym@azeotrope.org,apache@syseca-ac.e4ward.com
trawick@apache.org,christian.knuechel@gmx.de
moz@liebesgedichte.siteware.ch,dopey@moonteeth.com
wrowe@apache.org,trawick@apache.org
dopey@moonteeth.com,trawick@apache.org
rpluem@apache.org,apache@syseca-ac.e4ward.com
wrowe@apache.org,khym@azeotrope.org
jsestri2@uiuc.edu,christian.knuechel@gmx.de
covener@gmail.com,4chrisj@gmail.com
markphip@gmail.com,trawick@apache.org
dopey@moonteeth.com,khym@azeotrope.org
moz@liebesgedichte.siteware.ch,apache@syseca-ac.e4ward.com
wrowe@apache.org,bnicholes@apache.org
dopey@moonteeth.com,apache@syseca-ac.e4ward.com
markphip@gmail.com,wrowe@apache.org
markphip@gmail.com,jsestri2@uiuc.edu
apache@syseca-ac.e4ward.com,khym@azeotrope.org
moz@liebesgedichte.siteware.ch,christian.knuechel@gmx.de
khym@azeotrope.org,bnicholes@apache.org
markphip@gmail.com,asf@salminen.info
tom.donovan@acm.org,dopey@moonteeth.com
jsestri2@uiuc.edu,4chrisj@gmail.com
tom.donovan@acm.org,covener@gmail.com
rpluem@apache.org,covener@gmail.com
wrowe@apache.org,apache@syseca-ac.e4ward.com
jsestri2@uiuc.edu,trawick@apache.org
markphip@gmail.com,tom.donovan@acm.org
wrowe@apache.org,tom.donovan@acm.org
asf@salminen.info,trawick@apache.org
tom.donovan@acm.org,moz@liebesgedichte.siteware.ch
4chrisj@gmail.com,trawick@apache.org
asf@salminen.info,christian.knuechel@gmx.de
wrowe@apache.org,jsestri2@uiuc.edu
tom.donovan@acm.org,apache@syseca-ac.e4ward.com
covener@gmail.com,dopey@moonteeth.com
bnicholes@apache.org,trawick@apache.org
rpluem@apache.org,moz@liebesgedichte.siteware.ch
covener@gmail.com,jsestri2@uiuc.edu
apache@syseca-ac.e4ward.com,dopey@moonteeth.com
moz@liebesgedichte.siteware.ch,jsestri2@uiuc.edu
apache@syseca-ac.e4ward.com,4chrisj@gmail.com
covener@gmail.com,wrowe@apache.org
dopey@moonteeth.com,asf@salminen.info
khym@azeotrope.org,dopey@moonteeth.com
khym@azeotrope.org,jsestri2@uiuc.edu
bnicholes@apache.org,asf@salminen.info
tom.donovan@acm.org,asf@salminen.info
dopey@moonteeth.com,bnicholes@apache.org
markphip@gmail.com,covener@gmail.com
bnicholes@apache.org,christian.knuechel@gmx.de
tom.donovan@acm.org,4chrisj@gmail.com
rpluem@apache.org,jsestri2@uiuc.edu
bnicholes@apache.org,4chrisj@gmail.com
jsestri2@uiuc.edu,bnicholes@apache.org
dopey@moonteeth.com,4chrisj@gmail.com
covener@gmail.com,trawick@apache.org
wrowe@apache.org,dopey@moonteeth.com
tom.donovan@acm.org,bnicholes@apache.org
apache@syseca-ac.e4ward.com,covener@gmail.com
markphip@gmail.com,4chrisj@gmail.com
christian.knuechel@gmx.de,trawick@apache.org
markphip@gmail.com,moz@liebesgedichte.siteware.ch
