ant-venkatp@sneakemail.com,arieh.markel@sun.com
strube@physik3.gwdg.de,jlaidman@rebel-it.com.au
thomas.dehn@sun.com,jlaidman@rebel-it.com.au
mickly@hotmail.com,ant-venkatp@sneakemail.com
thomas.dehn@sun.com,ant-venkatp@sneakemail.com
strube@physik3.gwdg.de,arieh.markel@sun.com
jorton@redhat.com,dkalkar@hutchison.com.au
thomas.dehn@sun.com,luis@instantsys.com
arieh.markel@sun.com,jorton@redhat.com
strube@physik3.gwdg.de,ncohen@ebsonline.com
trawick@apache.org,ncohen@ebsonline.com
arieh.markel@sun.com,dkalkar@hutchison.com.au
jorton@redhat.com,arieh.markel@sun.com
mickly@hotmail.com,jlaidman@rebel-it.com.au
thomas.dehn@sun.com,arieh.markel@sun.com
luis@instantsys.com,jlaidman@rebel-it.com.au
luis@instantsys.com,arieh.markel@sun.com
ant-venkatp@sneakemail.com,dkalkar@hutchison.com.au
luis@instantsys.com,jorton@redhat.com
jlaidman@rebel-it.com.au,trawick@apache.org
jorton@redhat.com,ant-venkatp@sneakemail.com
ant-venkatp@sneakemail.com,ncohen@ebsonline.com
trawick@apache.org,dkalkar@hutchison.com.au
jorton@redhat.com,trawick@apache.org
ant-venkatp@sneakemail.com,jlaidman@rebel-it.com.au
luis@instantsys.com,trawick@apache.org
arieh.markel@sun.com,trawick@apache.org
mickly@hotmail.com,arieh.markel@sun.com
luis@instantsys.com,ant-venkatp@sneakemail.com
ncohen@ebsonline.com,trawick@apache.org
strube@physik3.gwdg.de,luis@instantsys.com
jlaidman@rebel-it.com.au,dkalkar@hutchison.com.au
ant-venkatp@sneakemail.com,trawick@apache.org
thomas.dehn@sun.com,dkalkar@hutchison.com.au
strube@physik3.gwdg.de,mickly@hotmail.com
jorton@redhat.com,luis@instantsys.com
ant-venkatp@sneakemail.com,jorton@redhat.com
mickly@hotmail.com,trawick@apache.org
mickly@hotmail.com,jorton@redhat.com
jorton@redhat.com,jlaidman@rebel-it.com.au
strube@physik3.gwdg.de,ant-venkatp@sneakemail.com
mickly@hotmail.com,luis@instantsys.com
strube@physik3.gwdg.de,jorton@redhat.com
strube@physik3.gwdg.de,dkalkar@hutchison.com.au
trawick@apache.org,jlaidman@rebel-it.com.au
thomas.dehn@sun.com,mickly@hotmail.com
strube@physik3.gwdg.de,thomas.dehn@sun.com
thomas.dehn@sun.com,trawick@apache.org
mickly@hotmail.com,dkalkar@hutchison.com.au
thomas.dehn@sun.com,jorton@redhat.com
ncohen@ebsonline.com,dkalkar@hutchison.com.au
luis@instantsys.com,dkalkar@hutchison.com.au
arieh.markel@sun.com,ncohen@ebsonline.com
jorton@redhat.com,ncohen@ebsonline.com
jlaidman@rebel-it.com.au,ncohen@ebsonline.com
arieh.markel@sun.com,jlaidman@rebel-it.com.au
strube@physik3.gwdg.de,trawick@apache.org
luis@instantsys.com,ncohen@ebsonline.com
mickly@hotmail.com,ncohen@ebsonline.com
thomas.dehn@sun.com,ncohen@ebsonline.com
