peter@poeml.de,mkent@magoazul.com
nick@webthing.com,mkent@magoazul.com
chrisd@apache.org,jorton@redhat.com
oakad@yahoo.com,mkent@magoazul.com
chrisd@apache.org,mkent@magoazul.com
mkent@magoazul.com,nick@webthing.com
peter@poeml.de,nick@webthing.com
peter@poeml.de,oakad@yahoo.com
jorton@redhat.com,nick@webthing.com
chrisd@apache.org,oakad@yahoo.com
peter@poeml.de,chrisd@apache.org
jorton@redhat.com,chrisd@apache.org
jorton@redhat.com,mkent@magoazul.com
peter@poeml.de,jorton@redhat.com
chrisd@apache.org,nick@webthing.com
jorton@redhat.com,oakad@yahoo.com
oakad@yahoo.com,nick@webthing.com
oakad@yahoo.com,chrisd@apache.org
