covener@gmail.com,quanxunzhen@gmail.com
covener@gmail.com,suit@rebell.at
quanxunzhen@gmail.com,nd@perlig.de
arnaud.lb@gmail.com,richardaburton@hotmail.com
suit@rebell.at,adelton@fi.muni.cz
tony@awtrey.com,nd@perlig.de
tony@awtrey.com,richardaburton@hotmail.com
quanxunzhen@gmail.com,arnaud.lb@gmail.com
quanxunzhen@gmail.com,richardaburton@hotmail.com
adelton@fi.muni.cz,nd@perlig.de
quanxunzhen@gmail.com,suit@rebell.at
nd@perlig.de,richardaburton@hotmail.com
suit@rebell.at,nd@perlig.de
suit@rebell.at,richardaburton@hotmail.com
covener@gmail.com,nd@perlig.de
quanxunzhen@gmail.com,adelton@fi.muni.cz
covener@gmail.com,tony@awtrey.com
adelton@fi.muni.cz,richardaburton@hotmail.com
richardaburton@hotmail.com,nd@perlig.de
arnaud.lb@gmail.com,adelton@fi.muni.cz
tony@awtrey.com,adelton@fi.muni.cz
covener@gmail.com,arnaud.lb@gmail.com
suit@rebell.at,tony@awtrey.com
suit@rebell.at,arnaud.lb@gmail.com
quanxunzhen@gmail.com,tony@awtrey.com
covener@gmail.com,richardaburton@hotmail.com
covener@gmail.com,adelton@fi.muni.cz
arnaud.lb@gmail.com,nd@perlig.de
arnaud.lb@gmail.com,tony@awtrey.com
