milosivanovic@orcon.net.nz,wegmann@psi.co.at
pgollucci@apache.org,bishillo@gmail.com
pgollucci@apache.org,rpluem@apache.org
cross@hccs.com,godkillthemall@gmail.com
sf@sfritsch.de,jorton@redhat.com
paul@silevitch.com,marvin0815@googlemail.com
wegmann@psi.co.at,ilya.glazkov@gmail.com
pgollucci@apache.org,oeriksson@mandriva.com
jon@isoc.net,chip@force-elite.com
wegmann@psi.co.at,rpluem@apache.org
godkillthemall@gmail.com,ilya.glazkov@gmail.com
paul@silevitch.com,nmower@verio.net
apache.org@ww7.be,pgollucci@apache.org
drew@thewithers.org,ajunne@gmail.com
marvin0815@googlemail.com,apache-bugzilla@krustev.net
jon@isoc.net,trawick@apache.org
apache.org@ww7.be,drew@thewithers.org
paul@silevitch.com,cross@hccs.com
uhlar@fantomas.sk,chip@force-elite.com
dan@cpanel.net,sf@sfritsch.de
sf@sfritsch.de,axelseaa@modevia.com
henkka@spheroid.fi,nmower@verio.net
bioyavuz@gmail.com,mihai.costache@freeland.ro
trawick@apache.org,mihai.costache@freeland.ro
bioyavuz@gmail.com,trawick@apache.org
nmower@verio.net,oeriksson@mandriva.com
jon@isoc.net,ilya.glazkov@gmail.com
uhlar@fantomas.sk,trawick@apache.org
trawick@apache.org,sf@sfritsch.de
jorton@redhat.com,bishillo@gmail.com
milosivanovic@orcon.net.nz,mihai.costache@freeland.ro
dan@cpanel.net,henkka@spheroid.fi
paul@silevitch.com,drew@thewithers.org
milosivanovic@orcon.net.nz,apache.org@ww7.be
milosivanovic@orcon.net.nz,sf@sfritsch.de
paul@silevitch.com,apache-bugzilla@krustev.net
paul@silevitch.com,wegmann@psi.co.at
bioyavuz@gmail.com,paulhen@4hens.org
trawick@apache.org,wegmann@psi.co.at
jorton@redhat.com,richlv@nakts.net
ajunne@gmail.com,nmower@verio.net
sf@sfritsch.de,wegmann@psi.co.at
bioyavuz@gmail.com,apache-bugzilla@krustev.net
godkillthemall@gmail.com,drew@thewithers.org
trawick@apache.org,godkillthemall@gmail.com
axelseaa@modevia.com,oeriksson@mandriva.com
jorton@redhat.com,oeriksson@mandriva.com
uhlar@fantomas.sk,drew@thewithers.org
dan@cpanel.net,chip@force-elite.com
bioyavuz@gmail.com,jorton@redhat.com
uhlar@fantomas.sk,axelseaa@modevia.com
milosivanovic@orcon.net.nz,trawick@apache.org
milosivanovic@orcon.net.nz,drew@thewithers.org
apache.org@ww7.be,sf@sfritsch.de
jorton@redhat.com,axelseaa@modevia.com
richlv@nakts.net,mihai.costache@freeland.ro
ajunne@gmail.com,drew@thewithers.org
trawick@apache.org,dan@cpanel.net
uhlar@fantomas.sk,oeriksson@mandriva.com
marvin0815@googlemail.com,axelseaa@modevia.com
cross@hccs.com,jon@isoc.net
marvin0815@googlemail.com,henkka@spheroid.fi
paul@silevitch.com,apache.org@ww7.be
dan@cpanel.net,wegmann@psi.co.at
wegmann@psi.co.at,apache-bugzilla@krustev.net
bishillo@gmail.com,rpluem@apache.org
trawick@apache.org,nmower@verio.net
pgollucci@apache.org,ajunne@gmail.com
pgollucci@apache.org,drew@thewithers.org
milosivanovic@orcon.net.nz,chip@force-elite.com
oeriksson@mandriva.com,ilya.glazkov@gmail.com
rpluem@apache.org,mihai.costache@freeland.ro
pgollucci@apache.org,uhlar@fantomas.sk
sf@sfritsch.de,oeriksson@mandriva.com
bioyavuz@gmail.com,richlv@nakts.net
dan@cpanel.net,paulhen@4hens.org
jon@isoc.net,paulhen@4hens.org
bioyavuz@gmail.com,apache.org@ww7.be
cross@hccs.com,dan@cpanel.net
cross@hccs.com,marvin0815@googlemail.com
marvin0815@googlemail.com,rpluem@apache.org
axelseaa@modevia.com,nmower@verio.net
jorton@redhat.com,chip@force-elite.com
bioyavuz@gmail.com,jon@isoc.net
dan@cpanel.net,drew@thewithers.org
ilya.glazkov@gmail.com,mihai.costache@freeland.ro
chip@force-elite.com,oeriksson@mandriva.com
sf@sfritsch.de,henkka@spheroid.fi
cross@hccs.com,milosivanovic@orcon.net.nz
dan@cpanel.net,jorton@redhat.com
bioyavuz@gmail.com,bishillo@gmail.com
milosivanovic@orcon.net.nz,jorton@redhat.com
richlv@nakts.net,ilya.glazkov@gmail.com
drew@thewithers.org,apache-bugzilla@krustev.net
marvin0815@googlemail.com,dan@cpanel.net
jon@isoc.net,nmower@verio.net
paul@silevitch.com,ilya.glazkov@gmail.com
sf@sfritsch.de,richlv@nakts.net
ajunne@gmail.com,wegmann@psi.co.at
marvin0815@googlemail.com,richlv@nakts.net
rpluem@apache.org,apache-bugzilla@krustev.net
axelseaa@modevia.com,henkka@spheroid.fi
godkillthemall@gmail.com,uhlar@fantomas.sk
jorton@redhat.com,wegmann@psi.co.at
uhlar@fantomas.sk,rpluem@apache.org
sf@sfritsch.de,paulhen@4hens.org
bishillo@gmail.com,henkka@spheroid.fi
chip@force-elite.com,mihai.costache@freeland.ro
bioyavuz@gmail.com,wegmann@psi.co.at
trawick@apache.org,apache.org@ww7.be
rpluem@apache.org,nmower@verio.net
uhlar@fantomas.sk,nmower@verio.net
sf@sfritsch.de,mihai.costache@freeland.ro
bishillo@gmail.com,ilya.glazkov@gmail.com
bioyavuz@gmail.com,chip@force-elite.com
axelseaa@modevia.com,apache-bugzilla@krustev.net
drew@thewithers.org,wegmann@psi.co.at
drew@thewithers.org,sf@sfritsch.de
wegmann@psi.co.at,sf@sfritsch.de
ajunne@gmail.com,oeriksson@mandriva.com
godkillthemall@gmail.com,jorton@redhat.com
chip@force-elite.com,axelseaa@modevia.com
nmower@verio.net,richlv@nakts.net
godkillthemall@gmail.com,jon@isoc.net
jon@isoc.net,richlv@nakts.net
milosivanovic@orcon.net.nz,ajunne@gmail.com
wegmann@psi.co.at,bishillo@gmail.com
cross@hccs.com,sf@sfritsch.de
oeriksson@mandriva.com,nmower@verio.net
wegmann@psi.co.at,mihai.costache@freeland.ro
drew@thewithers.org,uhlar@fantomas.sk
ajunne@gmail.com,henkka@spheroid.fi
cross@hccs.com,rpluem@apache.org
apache.org@ww7.be,ajunne@gmail.com
bishillo@gmail.com,axelseaa@modevia.com
marvin0815@googlemail.com,jorton@redhat.com
cross@hccs.com,pgollucci@apache.org
ajunne@gmail.com,mihai.costache@freeland.ro
bishillo@gmail.com,oeriksson@mandriva.com
sf@sfritsch.de,drew@thewithers.org
dan@cpanel.net,trawick@apache.org
marvin0815@googlemail.com,wegmann@psi.co.at
apache.org@ww7.be,oeriksson@mandriva.com
sf@sfritsch.de,trawick@apache.org
cross@hccs.com,bioyavuz@gmail.com
paul@silevitch.com,godkillthemall@gmail.com
godkillthemall@gmail.com,nmower@verio.net
uhlar@fantomas.sk,ilya.glazkov@gmail.com
pgollucci@apache.org,henkka@spheroid.fi
bioyavuz@gmail.com,nmower@verio.net
drew@thewithers.org,henkka@spheroid.fi
jon@isoc.net,dan@cpanel.net
ajunne@gmail.com,richlv@nakts.net
uhlar@fantomas.sk,pgollucci@apache.org
jorton@redhat.com,drew@thewithers.org
milosivanovic@orcon.net.nz,bioyavuz@gmail.com
godkillthemall@gmail.com,bioyavuz@gmail.com
paulhen@4hens.org,axelseaa@modevia.com
godkillthemall@gmail.com,mihai.costache@freeland.ro
jorton@redhat.com,henkka@spheroid.fi
godkillthemall@gmail.com,pgollucci@apache.org
apache.org@ww7.be,uhlar@fantomas.sk
jorton@redhat.com,ajunne@gmail.com
marvin0815@googlemail.com,oeriksson@mandriva.com
trawick@apache.org,apache-bugzilla@krustev.net
paul@silevitch.com,jorton@redhat.com
marvin0815@googlemail.com,bioyavuz@gmail.com
paul@silevitch.com,trawick@apache.org
trawick@apache.org,milosivanovic@orcon.net.nz
paul@silevitch.com,bioyavuz@gmail.com
apache.org@ww7.be,ilya.glazkov@gmail.com
bioyavuz@gmail.com,pgollucci@apache.org
chip@force-elite.com,nmower@verio.net
sf@sfritsch.de,dan@cpanel.net
sf@sfritsch.de,marvin0815@googlemail.com
uhlar@fantomas.sk,wegmann@psi.co.at
paulhen@4hens.org,oeriksson@mandriva.com
bishillo@gmail.com,sf@sfritsch.de
apache.org@ww7.be,chip@force-elite.com
richlv@nakts.net,nmower@verio.net
paulhen@4hens.org,richlv@nakts.net
trawick@apache.org,jorton@redhat.com
cross@hccs.com,apache-bugzilla@krustev.net
trawick@apache.org,chip@force-elite.com
ajunne@gmail.com,rpluem@apache.org
apache-bugzilla@krustev.net,mihai.costache@freeland.ro
pgollucci@apache.org,trawick@apache.org
milosivanovic@orcon.net.nz,henkka@spheroid.fi
wegmann@psi.co.at,richlv@nakts.net
dan@cpanel.net,uhlar@fantomas.sk
jon@isoc.net,rpluem@apache.org
apache-bugzilla@krustev.net,nmower@verio.net
apache.org@ww7.be,jorton@redhat.com
godkillthemall@gmail.com,chip@force-elite.com
sf@sfritsch.de,godkillthemall@gmail.com
uhlar@fantomas.sk,bishillo@gmail.com
jorton@redhat.com,uhlar@fantomas.sk
godkillthemall@gmail.com,wegmann@psi.co.at
axelseaa@modevia.com,richlv@nakts.net
godkillthemall@gmail.com,oeriksson@mandriva.com
jon@isoc.net,bishillo@gmail.com
cross@hccs.com,paulhen@4hens.org
cross@hccs.com,nmower@verio.net
jon@isoc.net,axelseaa@modevia.com
rpluem@apache.org,henkka@spheroid.fi
bishillo@gmail.com,mihai.costache@freeland.ro
ajunne@gmail.com,sf@sfritsch.de
paulhen@4hens.org,ilya.glazkov@gmail.com
sf@sfritsch.de,nmower@verio.net
wegmann@psi.co.at,paulhen@4hens.org
oeriksson@mandriva.com,mihai.costache@freeland.ro
milosivanovic@orcon.net.nz,uhlar@fantomas.sk
trawick@apache.org,pgollucci@apache.org
marvin0815@googlemail.com,ilya.glazkov@gmail.com
marvin0815@googlemail.com,trawick@apache.org
drew@thewithers.org,jorton@redhat.com
bioyavuz@gmail.com,rpluem@apache.org
marvin0815@googlemail.com,ajunne@gmail.com
sf@sfritsch.de,apache.org@ww7.be
dan@cpanel.net,ajunne@gmail.com
apache.org@ww7.be,dan@cpanel.net
drew@thewithers.org,chip@force-elite.com
godkillthemall@gmail.com,axelseaa@modevia.com
cross@hccs.com,bishillo@gmail.com
uhlar@fantomas.sk,richlv@nakts.net
milosivanovic@orcon.net.nz,pgollucci@apache.org
richlv@nakts.net,oeriksson@mandriva.com
ajunne@gmail.com,axelseaa@modevia.com
godkillthemall@gmail.com,richlv@nakts.net
paul@silevitch.com,chip@force-elite.com
jon@isoc.net,apache-bugzilla@krustev.net
uhlar@fantomas.sk,sf@sfritsch.de
sf@sfritsch.de,cross@hccs.com
bioyavuz@gmail.com,sf@sfritsch.de
godkillthemall@gmail.com,apache-bugzilla@krustev.net
paul@silevitch.com,sf@sfritsch.de
godkillthemall@gmail.com,dan@cpanel.net
uhlar@fantomas.sk,apache-bugzilla@krustev.net
nmower@verio.net,ilya.glazkov@gmail.com
oeriksson@mandriva.com,henkka@spheroid.fi
bishillo@gmail.com,richlv@nakts.net
cross@hccs.com,axelseaa@modevia.com
drew@thewithers.org,nmower@verio.net
jon@isoc.net,ajunne@gmail.com
cross@hccs.com,ajunne@gmail.com
trawick@apache.org,bishillo@gmail.com
jon@isoc.net,oeriksson@mandriva.com
wegmann@psi.co.at,nmower@verio.net
dan@cpanel.net,apache-bugzilla@krustev.net
apache.org@ww7.be,trawick@apache.org
uhlar@fantomas.sk,paulhen@4hens.org
cross@hccs.com,chip@force-elite.com
jorton@redhat.com,apache-bugzilla@krustev.net
jorton@redhat.com,mihai.costache@freeland.ro
drew@thewithers.org,axelseaa@modevia.com
bioyavuz@gmail.com,dan@cpanel.net
paul@silevitch.com,jon@isoc.net
dan@cpanel.net,rpluem@apache.org
wegmann@psi.co.at,oeriksson@mandriva.com
sf@sfritsch.de,bioyavuz@gmail.com
cross@hccs.com,trawick@apache.org
apache.org@ww7.be,richlv@nakts.net
paul@silevitch.com,axelseaa@modevia.com
uhlar@fantomas.sk,jorton@redhat.com
godkillthemall@gmail.com,trawick@apache.org
pgollucci@apache.org,paulhen@4hens.org
pgollucci@apache.org,chip@force-elite.com
trawick@apache.org,drew@thewithers.org
godkillthemall@gmail.com,bishillo@gmail.com
paul@silevitch.com,uhlar@fantomas.sk
bishillo@gmail.com,jorton@redhat.com
drew@thewithers.org,rpluem@apache.org
nmower@verio.net,mihai.costache@freeland.ro
jorton@redhat.com,sf@sfritsch.de
sf@sfritsch.de,uhlar@fantomas.sk
trawick@apache.org,uhlar@fantomas.sk
sf@sfritsch.de,milosivanovic@orcon.net.nz
oeriksson@mandriva.com,apache-bugzilla@krustev.net
chip@force-elite.com,ilya.glazkov@gmail.com
ajunne@gmail.com,paulhen@4hens.org
paul@silevitch.com,henkka@spheroid.fi
cross@hccs.com,paul@silevitch.com
paul@silevitch.com,oeriksson@mandriva.com
apache.org@ww7.be,bishillo@gmail.com
jon@isoc.net,pgollucci@apache.org
cross@hccs.com,mihai.costache@freeland.ro
marvin0815@googlemail.com,paulhen@4hens.org
dan@cpanel.net,richlv@nakts.net
sf@sfritsch.de,rpluem@apache.org
apache.org@ww7.be,mihai.costache@freeland.ro
apache.org@ww7.be,wegmann@psi.co.at
cross@hccs.com,wegmann@psi.co.at
paulhen@4hens.org,chip@force-elite.com
jon@isoc.net,mihai.costache@freeland.ro
pgollucci@apache.org,nmower@verio.net
wegmann@psi.co.at,axelseaa@modevia.com
paul@silevitch.com,dan@cpanel.net
godkillthemall@gmail.com,henkka@spheroid.fi
bishillo@gmail.com,paulhen@4hens.org
mihai.costache@freeland.ro,henkka@spheroid.fi
jon@isoc.net,wegmann@psi.co.at
dan@cpanel.net,pgollucci@apache.org
trawick@apache.org,ajunne@gmail.com
godkillthemall@gmail.com,rpluem@apache.org
pgollucci@apache.org,apache-bugzilla@krustev.net
sf@sfritsch.de,ilya.glazkov@gmail.com
rpluem@apache.org,jorton@redhat.com
richlv@nakts.net,henkka@spheroid.fi
jon@isoc.net,jorton@redhat.com
drew@thewithers.org,mihai.costache@freeland.ro
pgollucci@apache.org,ilya.glazkov@gmail.com
ilya.glazkov@gmail.com,nmower@verio.net
rpluem@apache.org,axelseaa@modevia.com
cross@hccs.com,henkka@spheroid.fi
bioyavuz@gmail.com,axelseaa@modevia.com
chip@force-elite.com,richlv@nakts.net
cross@hccs.com,richlv@nakts.net
apache-bugzilla@krustev.net,ilya.glazkov@gmail.com
richlv@nakts.net,apache-bugzilla@krustev.net
jorton@redhat.com,ilya.glazkov@gmail.com
axelseaa@modevia.com,ilya.glazkov@gmail.com
cross@hccs.com,apache.org@ww7.be
marvin0815@googlemail.com,drew@thewithers.org
dan@cpanel.net,ilya.glazkov@gmail.com
uhlar@fantomas.sk,ajunne@gmail.com
paul@silevitch.com,mihai.costache@freeland.ro
paulhen@4hens.org,apache-bugzilla@krustev.net
bishillo@gmail.com,chip@force-elite.com
trawick@apache.org,axelseaa@modevia.com
wegmann@psi.co.at,henkka@spheroid.fi
ajunne@gmail.com,apache-bugzilla@krustev.net
ilya.glazkov@gmail.com,henkka@spheroid.fi
ajunne@gmail.com,ilya.glazkov@gmail.com
milosivanovic@orcon.net.nz,nmower@verio.net
paul@silevitch.com,ajunne@gmail.com
sf@sfritsch.de,apache-bugzilla@krustev.net
apache.org@ww7.be,apache-bugzilla@krustev.net
nmower@verio.net,henkka@spheroid.fi
trawick@apache.org,paulhen@4hens.org
sf@sfritsch.de,pgollucci@apache.org
paul@silevitch.com,rpluem@apache.org
jorton@redhat.com,nmower@verio.net
marvin0815@googlemail.com,apache.org@ww7.be
cross@hccs.com,ilya.glazkov@gmail.com
paulhen@4hens.org,nmower@verio.net
godkillthemall@gmail.com,apache.org@ww7.be
nmower@verio.net,apache-bugzilla@krustev.net
marvin0815@googlemail.com,milosivanovic@orcon.net.nz
jorton@redhat.com,paulhen@4hens.org
milosivanovic@orcon.net.nz,oeriksson@mandriva.com
apache.org@ww7.be,axelseaa@modevia.com
jon@isoc.net,sf@sfritsch.de
paul@silevitch.com,milosivanovic@orcon.net.nz
apache.org@ww7.be,rpluem@apache.org
trawick@apache.org,jon@isoc.net
sf@sfritsch.de,bishillo@gmail.com
sf@sfritsch.de,jon@isoc.net
bioyavuz@gmail.com,oeriksson@mandriva.com
marvin0815@googlemail.com,nmower@verio.net
trawick@apache.org,rpluem@apache.org
apache.org@ww7.be,nmower@verio.net
rpluem@apache.org,ilya.glazkov@gmail.com
marvin0815@googlemail.com,jon@isoc.net
ajunne@gmail.com,jorton@redhat.com
paulhen@4hens.org,henkka@spheroid.fi
bishillo@gmail.com,nmower@verio.net
pgollucci@apache.org,axelseaa@modevia.com
trawick@apache.org,bioyavuz@gmail.com
cross@hccs.com,drew@thewithers.org
rpluem@apache.org,oeriksson@mandriva.com
bioyavuz@gmail.com,ilya.glazkov@gmail.com
milosivanovic@orcon.net.nz,ilya.glazkov@gmail.com
milosivanovic@orcon.net.nz,axelseaa@modevia.com
milosivanovic@orcon.net.nz,paulhen@4hens.org
marvin0815@googlemail.com,sf@sfritsch.de
rpluem@apache.org,paulhen@4hens.org
jon@isoc.net,henkka@spheroid.fi
marvin0815@googlemail.com,uhlar@fantomas.sk
marvin0815@googlemail.com,cross@hccs.com
wegmann@psi.co.at,chip@force-elite.com
milosivanovic@orcon.net.nz,bishillo@gmail.com
jon@isoc.net,apache.org@ww7.be
dan@cpanel.net,bishillo@gmail.com
dan@cpanel.net,mihai.costache@freeland.ro
bioyavuz@gmail.com,henkka@spheroid.fi
godkillthemall@gmail.com,ajunne@gmail.com
uhlar@fantomas.sk,henkka@spheroid.fi
cross@hccs.com,oeriksson@mandriva.com
axelseaa@modevia.com,mihai.costache@freeland.ro
drew@thewithers.org,oeriksson@mandriva.com
dan@cpanel.net,oeriksson@mandriva.com
chip@force-elite.com,sf@sfritsch.de
cross@hccs.com,uhlar@fantomas.sk
rpluem@apache.org,sf@sfritsch.de
jon@isoc.net,drew@thewithers.org
rpluem@apache.org,chip@force-elite.com
pgollucci@apache.org,jorton@redhat.com
milosivanovic@orcon.net.nz,dan@cpanel.net
bioyavuz@gmail.com,uhlar@fantomas.sk
sf@sfritsch.de,chip@force-elite.com
paulhen@4hens.org,mihai.costache@freeland.ro
wegmann@psi.co.at,jorton@redhat.com
bioyavuz@gmail.com,drew@thewithers.org
drew@thewithers.org,bishillo@gmail.com
marvin0815@googlemail.com,godkillthemall@gmail.com
paul@silevitch.com,pgollucci@apache.org
uhlar@fantomas.sk,mihai.costache@freeland.ro
godkillthemall@gmail.com,paulhen@4hens.org
milosivanovic@orcon.net.nz,godkillthemall@gmail.com
dan@cpanel.net,axelseaa@modevia.com
pgollucci@apache.org,mihai.costache@freeland.ro
paul@silevitch.com,richlv@nakts.net
trawick@apache.org,ilya.glazkov@gmail.com
marvin0815@googlemail.com,pgollucci@apache.org
chip@force-elite.com,apache-bugzilla@krustev.net
pgollucci@apache.org,richlv@nakts.net
godkillthemall@gmail.com,sf@sfritsch.de
milosivanovic@orcon.net.nz,jon@isoc.net
milosivanovic@orcon.net.nz,rpluem@apache.org
bioyavuz@gmail.com,ajunne@gmail.com
cross@hccs.com,jorton@redhat.com
apache.org@ww7.be,henkka@spheroid.fi
drew@thewithers.org,richlv@nakts.net
marvin0815@googlemail.com,bishillo@gmail.com
ajunne@gmail.com,chip@force-elite.com
pgollucci@apache.org,sf@sfritsch.de
marvin0815@googlemail.com,chip@force-elite.com
chip@force-elite.com,henkka@spheroid.fi
mihai.costache@freeland.ro,nmower@verio.net
paul@silevitch.com,bishillo@gmail.com
jon@isoc.net,uhlar@fantomas.sk
drew@thewithers.org,paulhen@4hens.org
trawick@apache.org,oeriksson@mandriva.com
trawick@apache.org,richlv@nakts.net
dan@cpanel.net,nmower@verio.net
paulhen@4hens.org,sf@sfritsch.de
ajunne@gmail.com,bishillo@gmail.com
milosivanovic@orcon.net.nz,richlv@nakts.net
marvin0815@googlemail.com,mihai.costache@freeland.ro
apache-bugzilla@krustev.net,henkka@spheroid.fi
apache.org@ww7.be,paulhen@4hens.org
ajunne@gmail.com,uhlar@fantomas.sk
drew@thewithers.org,ilya.glazkov@gmail.com
milosivanovic@orcon.net.nz,apache-bugzilla@krustev.net
sf@sfritsch.de,ajunne@gmail.com
pgollucci@apache.org,wegmann@psi.co.at
bishillo@gmail.com,apache-bugzilla@krustev.net
jorton@redhat.com,rpluem@apache.org
rpluem@apache.org,richlv@nakts.net
trawick@apache.org,henkka@spheroid.fi
paul@silevitch.com,paulhen@4hens.org
