per@computer.org,rpluem@apache.org
apache@jth.net,nick@webthing.com
covener@gmail.com,apache@jth.net
covener@gmail.com,per@computer.org
per@computer.org,nick@webthing.com
rainer.jung@kippdata.de,apache@jth.net
covener@gmail.com,rpluem@apache.org
rainer.jung@kippdata.de,covener@gmail.com
covener@gmail.com,nick@webthing.com
per@computer.org,apache@jth.net
rpluem@apache.org,nick@webthing.com
nick@webthing.com,covener@gmail.com
rpluem@apache.org,apache@jth.net
rpluem@apache.org,per@computer.org
rainer.jung@kippdata.de,per@computer.org
apache@jth.net,rpluem@apache.org
rainer.jung@kippdata.de,rpluem@apache.org
apache@jth.net,per@computer.org
apache@jth.net,covener@gmail.com
rpluem@apache.org,covener@gmail.com
nick@webthing.com,rpluem@apache.org
nick@webthing.com,apache@jth.net
nick@webthing.com,per@computer.org
rainer.jung@kippdata.de,nick@webthing.com
