pfudd@ubc.pkts.ca,rbowen@apache.org
pfudd@ubc.pkts.ca,kernel@pkts.ca
rbowen@apache.org,pfudd@ubc.pkts.ca
bobsiegen@googlemail.com,kernel@pkts.ca
nd@perlig.de,pfudd@ubc.pkts.ca
slive@apache.org,pfudd@ubc.pkts.ca
slive@apache.org,kernel@pkts.ca
bobsiegen@googlemail.com,rbowen@apache.org
slive@apache.org,nd@perlig.de
kernel@pkts.ca,pfudd@ubc.pkts.ca
slive@apache.org,bobsiegen@googlemail.com
rbowen@apache.org,nd@perlig.de
rbowen@apache.org,kernel@pkts.ca
bobsiegen@googlemail.com,nd@perlig.de
kernel@pkts.ca,nd@perlig.de
slive@apache.org,rbowen@apache.org
rbowen@apache.org,bobsiegen@googlemail.com
bobsiegen@googlemail.com,pfudd@ubc.pkts.ca
pfudd@ubc.pkts.ca,nd@perlig.de
