robert.siemer@gmx.de,vjong@jandjgraphics.com
rpluem@apache.org,vjong@jandjgraphics.com
vjong@jandjgraphics.com,chip@force-elite.com
bkline@rksystems.com,mail@cs-ware.de
rpluem@apache.org,mail@cs-ware.de
robert.siemer@gmx.de,rpluem@apache.org
bkline@rksystems.com,chip@force-elite.com
nick@webthing.com,mail@cs-ware.de
rpluem@apache.org,robert.siemer@gmx.de
rpluem@apache.org,nick@webthing.com
robert.siemer@gmx.de,mail@cs-ware.de
mail@cs-ware.de,chip@force-elite.com
robert.siemer@gmx.de,chip@force-elite.com
nick@webthing.com,robert.siemer@gmx.de
nick@webthing.com,bkline@rksystems.com
vjong@jandjgraphics.com,mail@cs-ware.de
nick@webthing.com,vjong@jandjgraphics.com
rpluem@apache.org,bkline@rksystems.com
chip@force-elite.com,mail@cs-ware.de
bkline@rksystems.com,vjong@jandjgraphics.com
robert.siemer@gmx.de,nick@webthing.com
nick@webthing.com,chip@force-elite.com
robert.siemer@gmx.de,bkline@rksystems.com
rpluem@apache.org,chip@force-elite.com
chip@force-elite.com,vjong@jandjgraphics.com
mail@cs-ware.de,vjong@jandjgraphics.com
