sf@sfritsch.de,pgollucci@apache.org
sf@sfritsch.de,chip@force-elite.com
pgollucci@apache.org,eli@sophos.com
eli@sophos.com,chip@force-elite.com
sf@sfritsch.de,eli@sophos.com
sf@sfritsch.de,peter@poeml.de
eli@sophos.com,yuri0001@smis.iki.rssi.ru
peter@poeml.de,pgollucci@apache.org
peter@poeml.de,eli@sophos.com
peter@poeml.de,yuri0001@smis.iki.rssi.ru
chip@force-elite.com,yuri0001@smis.iki.rssi.ru
sf@sfritsch.de,yuri0001@smis.iki.rssi.ru
peter@poeml.de,sf@sfritsch.de
peter@poeml.de,chip@force-elite.com
pgollucci@apache.org,chip@force-elite.com
pgollucci@apache.org,yuri0001@smis.iki.rssi.ru
