minfrin@sharp.fm,alefor@gmx.de
ivan.krivyakov@sungard.com,julian@d-and-j.net
sf@sfritsch.de,nings@mailinator.com
ubik.pl@gmail.com,lionel.victor@free.fr
newhouse@gmx.net,wrowe@apache.org
sf@sfritsch.de,evanc@nortel.com
sbasavanahally@gmail.com,minfrin@sharp.fm
ubik.pl@gmail.com,jorton@redhat.com
ubik.pl@gmail.com,krcroft@gmail.com
chip@force-elite.com,byosxxu@no-spam.hu
evanc@nortel.com,nick@webthing.com
pgollucci@apache.org,rpluem@apache.org
wrowe@apache.org,ivan.krivyakov@sungard.com
brad_boyer@symantec.com,arnaud.boulan@libertysurf.fr
pergh@inbis.no,byosxxu@no-spam.hu
ubik.pl@gmail.com,thomas@stewarts.org.uk
jorton@redhat.com,brad_boyer@symantec.com
ivan@ikriv.com,arnaud.boulan@libertysurf.fr
sf@sfritsch.de,jorton@redhat.com
lars@tuxplace.nl,evanc@nortel.com
wrowe@apache.org,pergh@inbis.no
lionel.victor@free.fr,brad_boyer@symantec.com
colin@xvpsource.org,rudolf@pobox.com
nikolaus@rath.org,evgeny.sabelskiy@gmail.com
minfrin@sharp.fm,ineyaa@gmail.com
sf@sfritsch.de,whoreperl@gmail.com
evgeny.sabelskiy@gmail.com,rpluem@apache.org
brad_boyer@symantec.com,rpluem@apache.org
marek@palatinus.cz,david@gence.biz
dma_k@mail.ru,evanc@nortel.com
whoreperl@gmail.com,timmy@invisibles.org
sf@sfritsch.de,satinders@safenet-inc.com
nings@mailinator.com,dag@wieers.com
nings@mailinator.com,byosxxu@no-spam.hu
wrowe@apache.org,minfrin@sharp.fm
dma_k@mail.ru,emmanuel.e@gmx.net
do_not_reply_3b4j4b@mailinator.com,nemesis@icequake.net
wrowe@apache.org,ioldanach@gmail.com
fatal.exception@gmail.com,ioldanach@gmail.com
david@gence.biz,mark.cave-ayland@ilande.co.uk
lionel.victor@free.fr,arnaud.boulan@libertysurf.fr
evgeny.sabelskiy@gmail.com,timmy@invisibles.org
rudolf@pobox.com,julian@d-and-j.net
minfrin@sharp.fm,byosxxu@no-spam.hu
patrick@tizzef.net,sergey.anoufrienko@gmail.com
rpluem@apache.org,pgollucci@apache.org
dag@wieers.com,oeufdure@gmail.com
ivan.krivyakov@sungard.com,chip@force-elite.com
evgeny.sabelskiy@gmail.com,rudolf@pobox.com
colin@xvpsource.org,sf@sfritsch.de
sergey.anoufrienko@gmail.com,pergh@inbis.no
sergey.anoufrienko@gmail.com,ubik.pl@gmail.com
dag@wieers.com,rsnel@cube.dyndns.org
sf@sfritsch.de,krcroft@gmail.com
newhouse@gmx.net,byosxxu@no-spam.hu
chouclia@spaml.de,sf@sfritsch.de
sf@sfritsch.de,issues.apache.org@krudde.nl
thomas@stewarts.org.uk,oeufdure@gmail.com
laurent.tokyo+asf.bugzilla@gmail.com,rsnel@cube.dyndns.org
brad_boyer@symantec.com,david@gence.biz
rpluem@apache.org,satinders@safenet-inc.com
lars@tuxplace.nl,dag@wieers.com
lars@tuxplace.nl,emmanuel.e@gmx.net
ivan@ikriv.com,alexey.pelykh@gmail.com
timmy@invisibles.org,chip@force-elite.com
thomas@stewarts.org.uk,arnaud.boulan@libertysurf.fr
nemesis@icequake.net,pergh@inbis.no
laurent.tokyo+asf.bugzilla@gmail.com,viktor.stujber@gmail.com
wrowe@apache.org,sergey.anoufrienko@gmail.com
ivan@ikriv.com,evgeny.sabelskiy@gmail.com
dma_k@mail.ru,byosxxu@no-spam.hu
lionel.victor@free.fr,rpluem@apache.org
ivan@ikriv.com,rudolf@pobox.com
chouclia@spaml.de,apache@nagilum.org
oeufdure@gmail.com,byosxxu@no-spam.hu
newhouse@gmx.net,nemesis@icequake.net
lionel.victor@free.fr,pergh@inbis.no
lionel.victor@free.fr,nick@webthing.com
ivan.krivyakov@sungard.com,rudolf@pobox.com
ivan@ikriv.com,brad_boyer@symantec.com
lars@tuxplace.nl,nemesis@icequake.net
jeyfox@gmail.com,jorton@redhat.com
newhouse@gmx.net,emmanuel.e@gmx.net
whoreperl@gmail.com,mark.cave-ayland@ilande.co.uk
sergey.anoufrienko@gmail.com,ivan@ikriv.com
colin@xvpsource.org,oeufdure@gmail.com
jeyfox@gmail.com,oeufdure@gmail.com
nings@mailinator.com,emmanuel.e@gmx.net
laurent.tokyo+asf.bugzilla@gmail.com,oeufdure@gmail.com
wrowe@apache.org,dma_k@mail.ru
chouclia@spaml.de,fatal.exception@gmail.com
julian@d-and-j.net,nings@mailinator.com
ivan@ikriv.com,lionel.victor@free.fr
krcroft@gmail.com,ineyaa@gmail.com
satinders@safenet-inc.com,rsnel@cube.dyndns.org
sergey.anoufrienko@gmail.com,wrowe@apache.org
fatal.exception@gmail.com,mark.cave-ayland@ilande.co.uk
lionel.victor@free.fr,alefor@gmx.de
chip@force-elite.com,jorton@redhat.com
julian@d-and-j.net,ubik.pl@gmail.com
lionel.victor@free.fr,evanc@nortel.com
fatal.exception@gmail.com,rsnel@cube.dyndns.org
sbasavanahally@gmail.com,sf@sfritsch.de
julian@d-and-j.net,rsnel@cube.dyndns.org
whoreperl@gmail.com,brad_boyer@symantec.com
lionel.victor@free.fr,nings@mailinator.com
nick@webthing.com,dag@wieers.com
sergey.anoufrienko@gmail.com,patrick@tizzef.net
lars@tuxplace.nl,mark.cave-ayland@ilande.co.uk
david@gence.biz,dag@wieers.com
lionel.victor@free.fr,alexey.pelykh@gmail.com
pgollucci@apache.org,satinders@safenet-inc.com
marek@palatinus.cz,dag@wieers.com
jeyfox@gmail.com,apache@nagilum.org
sergey.anoufrienko@gmail.com,arnaud.boulan@libertysurf.fr
laurent.tokyo+asf.bugzilla@gmail.com,rpluem@apache.org
laurent.tokyo+asf.bugzilla@gmail.com,colin@xvpsource.org
ineyaa@gmail.com,rudolf@pobox.com
whoreperl@gmail.com,jorton@redhat.com
sudhaker@yahoo.com,arnaud.boulan@libertysurf.fr
lars@tuxplace.nl,ubik.pl@gmail.com
evanc@nortel.com,sudhaker@yahoo.com
thomas@stewarts.org.uk,apache@nagilum.org
wrowe@apache.org,rudolf@pobox.com
whoreperl@gmail.com,apache@nagilum.org
evgeny.sabelskiy@gmail.com,bugmenot@lortemail.dk
oeufdure@gmail.com,rpluem@apache.org
alexey.pelykh@gmail.com,pergh@inbis.no
dag@wieers.com,david@gence.biz
issues.apache.org@krudde.nl,rpluem@apache.org
krcroft@gmail.com,mark.cave-ayland@ilande.co.uk
rudolf@pobox.com,sudhaker@yahoo.com
laurent.tokyo+asf.bugzilla@gmail.com,dag@wieers.com
newhouse@gmx.net,dag@wieers.com
dag@wieers.com,apache@nagilum.org
sergey.anoufrienko@gmail.com,dma_k@mail.ru
sbasavanahally@gmail.com,do_not_reply_3b4j4b@mailinator.com
brad_boyer@symantec.com,ineyaa@gmail.com
wrowe@apache.org,evanc@nortel.com
oeufdure@gmail.com,wrowe@apache.org
alexey.pelykh@gmail.com,krcroft@gmail.com
ivan@ikriv.com,do_not_reply_3b4j4b@mailinator.com
rpluem@apache.org,emmanuel.e@gmx.net
pgollucci@apache.org,nick@webthing.com
laurent.tokyo+asf.bugzilla@gmail.com,mark.cave-ayland@ilande.co.uk
do_not_reply_3b4j4b@mailinator.com,pgollucci@apache.org
alexey.pelykh@gmail.com,emmanuel.e@gmx.net
colin@xvpsource.org,satinders@safenet-inc.com
minfrin@sharp.fm,emmanuel.e@gmx.net
dma_k@mail.ru,evgeny.sabelskiy@gmail.com
sbasavanahally@gmail.com,jorton@redhat.com
evgeny.sabelskiy@gmail.com,nick@webthing.com
marek@palatinus.cz,sudhaker@yahoo.com
alefor@gmx.de,oeufdure@gmail.com
nikolaus@rath.org,laurent.tokyo+asf.bugzilla@gmail.com
nikolaus@rath.org,thomas@stewarts.org.uk
emmanuel.e@gmx.net,julian@d-and-j.net
sf@sfritsch.de,julian@d-and-j.net
sbasavanahally@gmail.com,byosxxu@no-spam.hu
sf@sfritsch.de,ubik.pl@gmail.com
julian@d-and-j.net,thomas@stewarts.org.uk
timmy@invisibles.org,apache@nagilum.org
alexey.pelykh@gmail.com,oeufdure@gmail.com
pergh@inbis.no,lionel.victor@free.fr
dag@wieers.com,ioldanach@gmail.com
julian@d-and-j.net,issues.apache.org@krudde.nl
ivan.krivyakov@sungard.com,parwy@parwy.com
rudolf@pobox.com,alexey.pelykh@gmail.com
nikolaus@rath.org,arnaud.boulan@libertysurf.fr
evgeny.sabelskiy@gmail.com,dag@wieers.com
ubik.pl@gmail.com,ivan.krivyakov@sungard.com
do_not_reply_3b4j4b@mailinator.com,evgeny.sabelskiy@gmail.com
fatal.exception@gmail.com,wrowe@apache.org
rpluem@apache.org,nemesis@icequake.net
apache@nagilum.org,rsnel@cube.dyndns.org
nikolaus@rath.org,ubik.pl@gmail.com
evanc@nortel.com,rpluem@apache.org
alefor@gmx.de,jorton@redhat.com
julian@d-and-j.net,krcroft@gmail.com
nikolaus@rath.org,wrowe@apache.org
jeyfox@gmail.com,fatal.exception@gmail.com
oeufdure@gmail.com,emmanuel.e@gmx.net
ioldanach@gmail.com,mark.cave-ayland@ilande.co.uk
alefor@gmx.de,wrowe@apache.org
lionel.victor@free.fr,viktor.stujber@gmail.com
sf@sfritsch.de,minfrin@sharp.fm
sudhaker@yahoo.com,dag@wieers.com
arnaud.boulan@libertysurf.fr,jorton@redhat.com
julian@d-and-j.net,pergh@inbis.no
ivan.krivyakov@sungard.com,satinders@safenet-inc.com
minfrin@sharp.fm,sf@sfritsch.de
sergey.anoufrienko@gmail.com,david@gence.biz
evgeny.sabelskiy@gmail.com,apache@nagilum.org
sf@sfritsch.de,bugmenot@lortemail.dk
viktor.stujber@gmail.com,mark.cave-ayland@ilande.co.uk
colin@xvpsource.org,arnaud.boulan@libertysurf.fr
jorton@redhat.com,byosxxu@no-spam.hu
lars@tuxplace.nl,sbasavanahally@gmail.com
sf@sfritsch.de,ivan.krivyakov@sungard.com
chouclia@spaml.de,sergey.anoufrienko@gmail.com
patrick@tizzef.net,lars@tuxplace.nl
colin@xvpsource.org,viktor.stujber@gmail.com
jeyfox@gmail.com,rudolf@pobox.com
nikolaus@rath.org,oeufdure@gmail.com
rpluem@apache.org,wrowe@apache.org
wrowe@apache.org,patrick@tizzef.net
lionel.victor@free.fr,issues.apache.org@krudde.nl
laurent.tokyo+asf.bugzilla@gmail.com,parwy@parwy.com
parwy@parwy.com,satinders@safenet-inc.com
minfrin@sharp.fm,rpluem@apache.org
do_not_reply_3b4j4b@mailinator.com,whoreperl@gmail.com
brad_boyer@symantec.com,satinders@safenet-inc.com
sergey.anoufrienko@gmail.com,nemesis@icequake.net
bugmenot@lortemail.dk,satinders@safenet-inc.com
parwy@parwy.com,mark.cave-ayland@ilande.co.uk
thomas@stewarts.org.uk,wrowe@apache.org
nikolaus@rath.org,sbasavanahally@gmail.com
rudolf@pobox.com,jorton@redhat.com
marek@palatinus.cz,ioldanach@gmail.com
rpluem@apache.org,bugmenot@lortemail.dk
thomas@stewarts.org.uk,nick@webthing.com
chouclia@spaml.de,minfrin@sharp.fm
thomas@stewarts.org.uk,issues.apache.org@krudde.nl
viktor.stujber@gmail.com,lionel.victor@free.fr
pgollucci@apache.org,mark.cave-ayland@ilande.co.uk
ivan.krivyakov@sungard.com,marek@palatinus.cz
sergey.anoufrienko@gmail.com,dag@wieers.com
newhouse@gmx.net,david@gence.biz
sf@sfritsch.de,sudhaker@yahoo.com
ineyaa@gmail.com,arnaud.boulan@libertysurf.fr
thomas@stewarts.org.uk,pergh@inbis.no
evanc@nortel.com,lionel.victor@free.fr
nings@mailinator.com,rudolf@pobox.com
sergey.anoufrienko@gmail.com,krcroft@gmail.com
lars@tuxplace.nl,ioldanach@gmail.com
sudhaker@yahoo.com,rpluem@apache.org
do_not_reply_3b4j4b@mailinator.com,minfrin@sharp.fm
lionel.victor@free.fr,dag@wieers.com
jeyfox@gmail.com,sbasavanahally@gmail.com
marek@palatinus.cz,pergh@inbis.no
lionel.victor@free.fr,timmy@invisibles.org
sergey.anoufrienko@gmail.com,viktor.stujber@gmail.com
rudolf@pobox.com,nemesis@icequake.net
ivan.krivyakov@sungard.com,nings@mailinator.com
sbasavanahally@gmail.com,laurent.tokyo+asf.bugzilla@gmail.com
apache@nagilum.org,brad_boyer@symantec.com
evanc@nortel.com,sf@sfritsch.de
emmanuel.e@gmx.net,sudhaker@yahoo.com
rudolf@pobox.com,alefor@gmx.de
dma_k@mail.ru,oeufdure@gmail.com
lars@tuxplace.nl,krcroft@gmail.com
julian@d-and-j.net,viktor.stujber@gmail.com
fatal.exception@gmail.com,oeufdure@gmail.com
issues.apache.org@krudde.nl,timmy@invisibles.org
pgollucci@apache.org,parwy@parwy.com
alefor@gmx.de,emmanuel.e@gmx.net
wrowe@apache.org,ivan@ikriv.com
minfrin@sharp.fm,parwy@parwy.com
mark.cave-ayland@ilande.co.uk,timmy@invisibles.org
whoreperl@gmail.com,ineyaa@gmail.com
lionel.victor@free.fr,byosxxu@no-spam.hu
colin@xvpsource.org,byosxxu@no-spam.hu
patrick@tizzef.net,oeufdure@gmail.com
brad_boyer@symantec.com,oeufdure@gmail.com
ioldanach@gmail.com,julian@d-and-j.net
marek@palatinus.cz,julian@d-and-j.net
pgollucci@apache.org,timmy@invisibles.org
sf@sfritsch.de,rudolf@pobox.com
nemesis@icequake.net,alexey.pelykh@gmail.com
emmanuel.e@gmx.net,alexey.pelykh@gmail.com
parwy@parwy.com,wrowe@apache.org
sudhaker@yahoo.com,nick@webthing.com
evgeny.sabelskiy@gmail.com,pgollucci@apache.org
evgeny.sabelskiy@gmail.com,emmanuel.e@gmx.net
rpluem@apache.org,timmy@invisibles.org
sbasavanahally@gmail.com,sergey.anoufrienko@gmail.com
dma_k@mail.ru,ioldanach@gmail.com
jeyfox@gmail.com,david@gence.biz
lars@tuxplace.nl,oeufdure@gmail.com
whoreperl@gmail.com,lionel.victor@free.fr
bugmenot@lortemail.dk,chip@force-elite.com
pergh@inbis.no,issues.apache.org@krudde.nl
ivan@ikriv.com,colin@xvpsource.org
viktor.stujber@gmail.com,timmy@invisibles.org
ineyaa@gmail.com,apache@nagilum.org
evgeny.sabelskiy@gmail.com,satinders@safenet-inc.com
apache@nagilum.org,emmanuel.e@gmx.net
rpluem@apache.org,lionel.victor@free.fr
sf@sfritsch.de,mark.cave-ayland@ilande.co.uk
lars@tuxplace.nl,alefor@gmx.de
ineyaa@gmail.com,nick@webthing.com
emmanuel.e@gmx.net,sf@sfritsch.de
rudolf@pobox.com,satinders@safenet-inc.com
bugmenot@lortemail.dk,timmy@invisibles.org
thomas@stewarts.org.uk,byosxxu@no-spam.hu
wrowe@apache.org,sudhaker@yahoo.com
ubik.pl@gmail.com,bugmenot@lortemail.dk
newhouse@gmx.net,pgollucci@apache.org
rudolf@pobox.com,marek@palatinus.cz
dma_k@mail.ru,pergh@inbis.no
brad_boyer@symantec.com,bugmenot@lortemail.dk
alexey.pelykh@gmail.com,issues.apache.org@krudde.nl
ubik.pl@gmail.com,brad_boyer@symantec.com
julian@d-and-j.net,wrowe@apache.org
dma_k@mail.ru,laurent.tokyo+asf.bugzilla@gmail.com
lars@tuxplace.nl,rudolf@pobox.com
alexey.pelykh@gmail.com,chip@force-elite.com
ivan@ikriv.com,jorton@redhat.com
chouclia@spaml.de,do_not_reply_3b4j4b@mailinator.com
sf@sfritsch.de,timmy@invisibles.org
lars@tuxplace.nl,pergh@inbis.no
issues.apache.org@krudde.nl,byosxxu@no-spam.hu
whoreperl@gmail.com,alexey.pelykh@gmail.com
sergey.anoufrienko@gmail.com,pgollucci@apache.org
whoreperl@gmail.com,ioldanach@gmail.com
julian@d-and-j.net,sudhaker@yahoo.com
jeyfox@gmail.com,emmanuel.e@gmx.net
alefor@gmx.de,apache@nagilum.org
laurent.tokyo+asf.bugzilla@gmail.com,satinders@safenet-inc.com
nemesis@icequake.net,chip@force-elite.com
patrick@tizzef.net,jorton@redhat.com
chouclia@spaml.de,rudolf@pobox.com
nings@mailinator.com,ioldanach@gmail.com
sbasavanahally@gmail.com,fatal.exception@gmail.com
julian@d-and-j.net,patrick@tizzef.net
patrick@tizzef.net,newhouse@gmx.net
ivan@ikriv.com,sudhaker@yahoo.com
jeyfox@gmail.com,whoreperl@gmail.com
sf@sfritsch.de,viktor.stujber@gmail.com
david@gence.biz,wrowe@apache.org
pergh@inbis.no,oeufdure@gmail.com
rudolf@pobox.com,rsnel@cube.dyndns.org
chouclia@spaml.de,chip@force-elite.com
ivan@ikriv.com,bugmenot@lortemail.dk
viktor.stujber@gmail.com,dag@wieers.com
rpluem@apache.org,issues.apache.org@krudde.nl
dag@wieers.com,pergh@inbis.no
sbasavanahally@gmail.com,ubik.pl@gmail.com
nikolaus@rath.org,ineyaa@gmail.com
alefor@gmx.de,rsnel@cube.dyndns.org
alefor@gmx.de,satinders@safenet-inc.com
sergey.anoufrienko@gmail.com,fatal.exception@gmail.com
sudhaker@yahoo.com,satinders@safenet-inc.com
mark.cave-ayland@ilande.co.uk,apache@nagilum.org
thomas@stewarts.org.uk,lionel.victor@free.fr
bugmenot@lortemail.dk,jorton@redhat.com
alefor@gmx.de,issues.apache.org@krudde.nl
pergh@inbis.no,mark.cave-ayland@ilande.co.uk
pergh@inbis.no,david@gence.biz
newhouse@gmx.net,nick@webthing.com
dma_k@mail.ru,ivan@ikriv.com
david@gence.biz,apache@nagilum.org
wrowe@apache.org,dag@wieers.com
laurent.tokyo+asf.bugzilla@gmail.com,emmanuel.e@gmx.net
pergh@inbis.no,timmy@invisibles.org
ivan.krivyakov@sungard.com,evanc@nortel.com
ivan@ikriv.com,evanc@nortel.com
chouclia@spaml.de,brad_boyer@symantec.com
nings@mailinator.com,parwy@parwy.com
bugmenot@lortemail.dk,julian@d-and-j.net
lionel.victor@free.fr,rudolf@pobox.com
rpluem@apache.org,oeufdure@gmail.com
julian@d-and-j.net,chip@force-elite.com
jorton@redhat.com,chip@force-elite.com
colin@xvpsource.org,lionel.victor@free.fr
mark.cave-ayland@ilande.co.uk,arnaud.boulan@libertysurf.fr
rudolf@pobox.com,pgollucci@apache.org
whoreperl@gmail.com,nemesis@icequake.net
newhouse@gmx.net,rpluem@apache.org
timmy@invisibles.org,lionel.victor@free.fr
sf@sfritsch.de,david@gence.biz
nikolaus@rath.org,david@gence.biz
marek@palatinus.cz,rpluem@apache.org
ivan.krivyakov@sungard.com,pergh@inbis.no
lionel.victor@free.fr,emmanuel.e@gmx.net
fatal.exception@gmail.com,parwy@parwy.com
nemesis@icequake.net,lionel.victor@free.fr
david@gence.biz,julian@d-and-j.net
evanc@nortel.com,bugmenot@lortemail.dk
lars@tuxplace.nl,ivan@ikriv.com
sudhaker@yahoo.com,pergh@inbis.no
mark.cave-ayland@ilande.co.uk,lionel.victor@free.fr
brad_boyer@symantec.com,apache@nagilum.org
julian@d-and-j.net,jorton@redhat.com
issues.apache.org@krudde.nl,parwy@parwy.com
bugmenot@lortemail.dk,lionel.victor@free.fr
pgollucci@apache.org,rsnel@cube.dyndns.org
laurent.tokyo+asf.bugzilla@gmail.com,whoreperl@gmail.com
jeyfox@gmail.com,chip@force-elite.com
nikolaus@rath.org,alefor@gmx.de
do_not_reply_3b4j4b@mailinator.com,laurent.tokyo+asf.bugzilla@gmail.com
ivan@ikriv.com,issues.apache.org@krudde.nl
ivan@ikriv.com,dag@wieers.com
fatal.exception@gmail.com,marek@palatinus.cz
rudolf@pobox.com,sf@sfritsch.de
minfrin@sharp.fm,thomas@stewarts.org.uk
brad_boyer@symantec.com,mark.cave-ayland@ilande.co.uk
viktor.stujber@gmail.com,david@gence.biz
krcroft@gmail.com,david@gence.biz
ivan.krivyakov@sungard.com,thomas@stewarts.org.uk
nings@mailinator.com,nick@webthing.com
do_not_reply_3b4j4b@mailinator.com,sf@sfritsch.de
krcroft@gmail.com,chip@force-elite.com
alexey.pelykh@gmail.com,dag@wieers.com
wrowe@apache.org,nings@mailinator.com
do_not_reply_3b4j4b@mailinator.com,timmy@invisibles.org
mark.cave-ayland@ilande.co.uk,wrowe@apache.org
ivan.krivyakov@sungard.com,mark.cave-ayland@ilande.co.uk
ubik.pl@gmail.com,julian@d-and-j.net
evanc@nortel.com,wrowe@apache.org
nikolaus@rath.org,rsnel@cube.dyndns.org
bugmenot@lortemail.dk,david@gence.biz
do_not_reply_3b4j4b@mailinator.com,byosxxu@no-spam.hu
alexey.pelykh@gmail.com,brad_boyer@symantec.com
evanc@nortel.com,nemesis@icequake.net
jeyfox@gmail.com,rsnel@cube.dyndns.org
laurent.tokyo+asf.bugzilla@gmail.com,apache@nagilum.org
wrowe@apache.org,lionel.victor@free.fr
lars@tuxplace.nl,minfrin@sharp.fm
newhouse@gmx.net,evanc@nortel.com
dag@wieers.com,issues.apache.org@krudde.nl
wrowe@apache.org,parwy@parwy.com
sergey.anoufrienko@gmail.com,ivan.krivyakov@sungard.com
sf@sfritsch.de,alexey.pelykh@gmail.com
sf@sfritsch.de,patrick@tizzef.net
lars@tuxplace.nl,wrowe@apache.org
david@gence.biz,parwy@parwy.com
parwy@parwy.com,apache@nagilum.org
nemesis@icequake.net,satinders@safenet-inc.com
do_not_reply_3b4j4b@mailinator.com,lionel.victor@free.fr
nings@mailinator.com,brad_boyer@symantec.com
julian@d-and-j.net,dag@wieers.com
parwy@parwy.com,brad_boyer@symantec.com
mark.cave-ayland@ilande.co.uk,jorton@redhat.com
brad_boyer@symantec.com,alefor@gmx.de
thomas@stewarts.org.uk,rpluem@apache.org
thomas@stewarts.org.uk,krcroft@gmail.com
rudolf@pobox.com,viktor.stujber@gmail.com
ivan.krivyakov@sungard.com,jorton@redhat.com
whoreperl@gmail.com,pgollucci@apache.org
nemesis@icequake.net,apache@nagilum.org
pergh@inbis.no,bugmenot@lortemail.dk
nikolaus@rath.org,fatal.exception@gmail.com
laurent.tokyo+asf.bugzilla@gmail.com,evgeny.sabelskiy@gmail.com
dag@wieers.com,emmanuel.e@gmx.net
parwy@parwy.com,jorton@redhat.com
emmanuel.e@gmx.net,nick@webthing.com
nick@webthing.com,issues.apache.org@krudde.nl
pgollucci@apache.org,sudhaker@yahoo.com
thomas@stewarts.org.uk,emmanuel.e@gmx.net
newhouse@gmx.net,parwy@parwy.com
chouclia@spaml.de,evanc@nortel.com
sergey.anoufrienko@gmail.com,parwy@parwy.com
sergey.anoufrienko@gmail.com,colin@xvpsource.org
colin@xvpsource.org,timmy@invisibles.org
ubik.pl@gmail.com,ioldanach@gmail.com
jeyfox@gmail.com,krcroft@gmail.com
chouclia@spaml.de,marek@palatinus.cz
pergh@inbis.no,emmanuel.e@gmx.net
whoreperl@gmail.com,arnaud.boulan@libertysurf.fr
viktor.stujber@gmail.com,bugmenot@lortemail.dk
newhouse@gmx.net,timmy@invisibles.org
krcroft@gmail.com,lionel.victor@free.fr
nikolaus@rath.org,nings@mailinator.com
rudolf@pobox.com,krcroft@gmail.com
rpluem@apache.org,byosxxu@no-spam.hu
lars@tuxplace.nl,laurent.tokyo+asf.bugzilla@gmail.com
sergey.anoufrienko@gmail.com,thomas@stewarts.org.uk
ivan.krivyakov@sungard.com,issues.apache.org@krudde.nl
satinders@safenet-inc.com,chip@force-elite.com
sf@sfritsch.de,lionel.victor@free.fr
julian@d-and-j.net,colin@xvpsource.org
sudhaker@yahoo.com,marek@palatinus.cz
dag@wieers.com,parwy@parwy.com
nick@webthing.com,brad_boyer@symantec.com
nings@mailinator.com,timmy@invisibles.org
dma_k@mail.ru,lars@tuxplace.nl
alexey.pelykh@gmail.com,byosxxu@no-spam.hu
nemesis@icequake.net,jorton@redhat.com
ubik.pl@gmail.com,oeufdure@gmail.com
marek@palatinus.cz,timmy@invisibles.org
dma_k@mail.ru,nings@mailinator.com
fatal.exception@gmail.com,ineyaa@gmail.com
sergey.anoufrienko@gmail.com,julian@d-and-j.net
newhouse@gmx.net,bugmenot@lortemail.dk
satinders@safenet-inc.com,brad_boyer@symantec.com
nick@webthing.com,pergh@inbis.no
nings@mailinator.com,pergh@inbis.no
ioldanach@gmail.com,pergh@inbis.no
lars@tuxplace.nl,byosxxu@no-spam.hu
evgeny.sabelskiy@gmail.com,oeufdure@gmail.com
parwy@parwy.com,dag@wieers.com
issues.apache.org@krudde.nl,nick@webthing.com
ineyaa@gmail.com,rsnel@cube.dyndns.org
sudhaker@yahoo.com,bugmenot@lortemail.dk
jeyfox@gmail.com,evgeny.sabelskiy@gmail.com
chouclia@spaml.de,jorton@redhat.com
ivan.krivyakov@sungard.com,lionel.victor@free.fr
sergey.anoufrienko@gmail.com,rsnel@cube.dyndns.org
lars@tuxplace.nl,issues.apache.org@krudde.nl
minfrin@sharp.fm,david@gence.biz
alexey.pelykh@gmail.com,ioldanach@gmail.com
oeufdure@gmail.com,apache@nagilum.org
lars@tuxplace.nl,viktor.stujber@gmail.com
jorton@redhat.com,satinders@safenet-inc.com
jeyfox@gmail.com,nemesis@icequake.net
newhouse@gmx.net,ineyaa@gmail.com
julian@d-and-j.net,arnaud.boulan@libertysurf.fr
viktor.stujber@gmail.com,alefor@gmx.de
newhouse@gmx.net,viktor.stujber@gmail.com
bugmenot@lortemail.dk,brad_boyer@symantec.com
ubik.pl@gmail.com,alefor@gmx.de
apache@nagilum.org,chip@force-elite.com
thomas@stewarts.org.uk,alexey.pelykh@gmail.com
ivan.krivyakov@sungard.com,timmy@invisibles.org
colin@xvpsource.org,pgollucci@apache.org
chouclia@spaml.de,ubik.pl@gmail.com
ivan@ikriv.com,alefor@gmx.de
ubik.pl@gmail.com,newhouse@gmx.net
nemesis@icequake.net,parwy@parwy.com
evgeny.sabelskiy@gmail.com,chip@force-elite.com
dma_k@mail.ru,issues.apache.org@krudde.nl
nikolaus@rath.org,rpluem@apache.org
david@gence.biz,issues.apache.org@krudde.nl
minfrin@sharp.fm,bugmenot@lortemail.dk
lars@tuxplace.nl,rpluem@apache.org
nemesis@icequake.net,julian@d-and-j.net
patrick@tizzef.net,chip@force-elite.com
mark.cave-ayland@ilande.co.uk,julian@d-and-j.net
ioldanach@gmail.com,wrowe@apache.org
ineyaa@gmail.com,julian@d-and-j.net
wrowe@apache.org,emmanuel.e@gmx.net
nick@webthing.com,bugmenot@lortemail.dk
evanc@nortel.com,marek@palatinus.cz
patrick@tizzef.net,ioldanach@gmail.com
brad_boyer@symantec.com,emmanuel.e@gmx.net
krcroft@gmail.com,rsnel@cube.dyndns.org
wrowe@apache.org,david@gence.biz
sudhaker@yahoo.com,oeufdure@gmail.com
fatal.exception@gmail.com,nemesis@icequake.net
wrowe@apache.org,do_not_reply_3b4j4b@mailinator.com
pergh@inbis.no,brad_boyer@symantec.com
whoreperl@gmail.com,rsnel@cube.dyndns.org
ubik.pl@gmail.com,viktor.stujber@gmail.com
ineyaa@gmail.com,alefor@gmx.de
sf@sfritsch.de,evgeny.sabelskiy@gmail.com
minfrin@sharp.fm,alexey.pelykh@gmail.com
whoreperl@gmail.com,pergh@inbis.no
sbasavanahally@gmail.com,thomas@stewarts.org.uk
rpluem@apache.org,nick@webthing.com
sudhaker@yahoo.com,mark.cave-ayland@ilande.co.uk
viktor.stujber@gmail.com,jorton@redhat.com
rpluem@apache.org,evanc@nortel.com
colin@xvpsource.org,rsnel@cube.dyndns.org
patrick@tizzef.net,rsnel@cube.dyndns.org
whoreperl@gmail.com,nick@webthing.com
sbasavanahally@gmail.com,colin@xvpsource.org
bugmenot@lortemail.dk,rpluem@apache.org
sbasavanahally@gmail.com,rsnel@cube.dyndns.org
issues.apache.org@krudde.nl,sudhaker@yahoo.com
dma_k@mail.ru,viktor.stujber@gmail.com
ivan.krivyakov@sungard.com,brad_boyer@symantec.com
sbasavanahally@gmail.com,bugmenot@lortemail.dk
chouclia@spaml.de,viktor.stujber@gmail.com
ineyaa@gmail.com,sf@sfritsch.de
lars@tuxplace.nl,david@gence.biz
ivan.krivyakov@sungard.com,rsnel@cube.dyndns.org
nick@webthing.com,rsnel@cube.dyndns.org
viktor.stujber@gmail.com,apache@nagilum.org
nemesis@icequake.net,bugmenot@lortemail.dk
dma_k@mail.ru,thomas@stewarts.org.uk
mark.cave-ayland@ilande.co.uk,parwy@parwy.com
ivan@ikriv.com,david@gence.biz
dma_k@mail.ru,wrowe@apache.org
thomas@stewarts.org.uk,rsnel@cube.dyndns.org
rsnel@cube.dyndns.org,byosxxu@no-spam.hu
nemesis@icequake.net,krcroft@gmail.com
nick@webthing.com,oeufdure@gmail.com
mark.cave-ayland@ilande.co.uk,david@gence.biz
whoreperl@gmail.com,parwy@parwy.com
nikolaus@rath.org,marek@palatinus.cz
parwy@parwy.com,lionel.victor@free.fr
sergey.anoufrienko@gmail.com,minfrin@sharp.fm
do_not_reply_3b4j4b@mailinator.com,david@gence.biz
krcroft@gmail.com,parwy@parwy.com
colin@xvpsource.org,issues.apache.org@krudde.nl
ioldanach@gmail.com,apache@nagilum.org
nikolaus@rath.org,evanc@nortel.com
sudhaker@yahoo.com,ioldanach@gmail.com
thomas@stewarts.org.uk,timmy@invisibles.org
nikolaus@rath.org,mark.cave-ayland@ilande.co.uk
chouclia@spaml.de,nings@mailinator.com
krcroft@gmail.com,satinders@safenet-inc.com
pergh@inbis.no,apache@nagilum.org
sf@sfritsch.de,arnaud.boulan@libertysurf.fr
fatal.exception@gmail.com,byosxxu@no-spam.hu
oeufdure@gmail.com,lionel.victor@free.fr
ubik.pl@gmail.com,pgollucci@apache.org
apache@nagilum.org,satinders@safenet-inc.com
rudolf@pobox.com,mark.cave-ayland@ilande.co.uk
do_not_reply_3b4j4b@mailinator.com,emmanuel.e@gmx.net
colin@xvpsource.org,jorton@redhat.com
fatal.exception@gmail.com,dag@wieers.com
alexey.pelykh@gmail.com,david@gence.biz
nings@mailinator.com,nemesis@icequake.net
rudolf@pobox.com,timmy@invisibles.org
emmanuel.e@gmx.net,jorton@redhat.com
evgeny.sabelskiy@gmail.com,marek@palatinus.cz
pergh@inbis.no,rsnel@cube.dyndns.org
nings@mailinator.com,david@gence.biz
ioldanach@gmail.com,dag@wieers.com
mark.cave-ayland@ilande.co.uk,issues.apache.org@krudde.nl
newhouse@gmx.net,minfrin@sharp.fm
ivan.krivyakov@sungard.com,newhouse@gmx.net
timmy@invisibles.org,emmanuel.e@gmx.net
ivan@ikriv.com,newhouse@gmx.net
ubik.pl@gmail.com,david@gence.biz
whoreperl@gmail.com,chip@force-elite.com
lionel.victor@free.fr,julian@d-and-j.net
patrick@tizzef.net,ineyaa@gmail.com
nikolaus@rath.org,parwy@parwy.com
patrick@tizzef.net,marek@palatinus.cz
sf@sfritsch.de,laurent.tokyo+asf.bugzilla@gmail.com
brad_boyer@symantec.com,byosxxu@no-spam.hu
nemesis@icequake.net,wrowe@apache.org
do_not_reply_3b4j4b@mailinator.com,rpluem@apache.org
oeufdure@gmail.com,mark.cave-ayland@ilande.co.uk
mark.cave-ayland@ilande.co.uk,rsnel@cube.dyndns.org
dma_k@mail.ru,chouclia@spaml.de
lars@tuxplace.nl,jeyfox@gmail.com
wrowe@apache.org,fatal.exception@gmail.com
patrick@tizzef.net,ubik.pl@gmail.com
wrowe@apache.org,marek@palatinus.cz
jeyfox@gmail.com,byosxxu@no-spam.hu
ivan@ikriv.com,sergey.anoufrienko@gmail.com
patrick@tizzef.net,nikolaus@rath.org
sergey.anoufrienko@gmail.com,alefor@gmx.de
minfrin@sharp.fm,pergh@inbis.no
jeyfox@gmail.com,ineyaa@gmail.com
jeyfox@gmail.com,brad_boyer@symantec.com
dma_k@mail.ru,brad_boyer@symantec.com
patrick@tizzef.net,rudolf@pobox.com
evanc@nortel.com,krcroft@gmail.com
alefor@gmx.de,bugmenot@lortemail.dk
nings@mailinator.com,apache@nagilum.org
julian@d-and-j.net,rpluem@apache.org
chouclia@spaml.de,wrowe@apache.org
chouclia@spaml.de,alefor@gmx.de
marek@palatinus.cz,nick@webthing.com
evgeny.sabelskiy@gmail.com,nemesis@icequake.net
nemesis@icequake.net,brad_boyer@symantec.com
julian@d-and-j.net,evanc@nortel.com
emmanuel.e@gmx.net,krcroft@gmail.com
do_not_reply_3b4j4b@mailinator.com,viktor.stujber@gmail.com
evanc@nortel.com,rudolf@pobox.com
ivan@ikriv.com,ubik.pl@gmail.com
ubik.pl@gmail.com,mark.cave-ayland@ilande.co.uk
emmanuel.e@gmx.net,rpluem@apache.org
lars@tuxplace.nl,rsnel@cube.dyndns.org
julian@d-and-j.net,alefor@gmx.de
nikolaus@rath.org,chouclia@spaml.de
laurent.tokyo+asf.bugzilla@gmail.com,pergh@inbis.no
alefor@gmx.de,david@gence.biz
lars@tuxplace.nl,chouclia@spaml.de
evgeny.sabelskiy@gmail.com,byosxxu@no-spam.hu
nikolaus@rath.org,julian@d-and-j.net
dag@wieers.com,jorton@redhat.com
jeyfox@gmail.com,pgollucci@apache.org
dma_k@mail.ru,ubik.pl@gmail.com
jeyfox@gmail.com,sergey.anoufrienko@gmail.com
marek@palatinus.cz,brad_boyer@symantec.com
dma_k@mail.ru,sergey.anoufrienko@gmail.com
patrick@tizzef.net,bugmenot@lortemail.dk
ivan.krivyakov@sungard.com,sf@sfritsch.de
jeyfox@gmail.com,satinders@safenet-inc.com
bugmenot@lortemail.dk,pergh@inbis.no
nemesis@icequake.net,ioldanach@gmail.com
nick@webthing.com,sudhaker@yahoo.com
dma_k@mail.ru,nikolaus@rath.org
lionel.victor@free.fr,apache@nagilum.org
wrowe@apache.org,timmy@invisibles.org
do_not_reply_3b4j4b@mailinator.com,nings@mailinator.com
fatal.exception@gmail.com,minfrin@sharp.fm
timmy@invisibles.org,rsnel@cube.dyndns.org
issues.apache.org@krudde.nl,oeufdure@gmail.com
ivan.krivyakov@sungard.com,alexey.pelykh@gmail.com
mark.cave-ayland@ilande.co.uk,rpluem@apache.org
viktor.stujber@gmail.com,pgollucci@apache.org
ubik.pl@gmail.com,apache@nagilum.org
emmanuel.e@gmx.net,wrowe@apache.org
wrowe@apache.org,evgeny.sabelskiy@gmail.com
bugmenot@lortemail.dk,apache@nagilum.org
rudolf@pobox.com,issues.apache.org@krudde.nl
fatal.exception@gmail.com,emmanuel.e@gmx.net
nikolaus@rath.org,ivan@ikriv.com
dma_k@mail.ru,mark.cave-ayland@ilande.co.uk
ioldanach@gmail.com,chip@force-elite.com
nings@mailinator.com,colin@xvpsource.org
nemesis@icequake.net,sudhaker@yahoo.com
fatal.exception@gmail.com,lionel.victor@free.fr
wrowe@apache.org,arnaud.boulan@libertysurf.fr
jeyfox@gmail.com,nick@webthing.com
fatal.exception@gmail.com,arnaud.boulan@libertysurf.fr
ivan@ikriv.com,viktor.stujber@gmail.com
wrowe@apache.org,lars@tuxplace.nl
sergey.anoufrienko@gmail.com,evgeny.sabelskiy@gmail.com
thomas@stewarts.org.uk,jorton@redhat.com
lionel.victor@free.fr,parwy@parwy.com
sergey.anoufrienko@gmail.com,sbasavanahally@gmail.com
issues.apache.org@krudde.nl,emmanuel.e@gmx.net
viktor.stujber@gmail.com,wrowe@apache.org
dma_k@mail.ru,krcroft@gmail.com
julian@d-and-j.net,pgollucci@apache.org
fatal.exception@gmail.com,newhouse@gmx.net
minfrin@sharp.fm,rsnel@cube.dyndns.org
bugmenot@lortemail.dk,mark.cave-ayland@ilande.co.uk
marek@palatinus.cz,satinders@safenet-inc.com
ivan.krivyakov@sungard.com,dag@wieers.com
laurent.tokyo+asf.bugzilla@gmail.com,ubik.pl@gmail.com
emmanuel.e@gmx.net,ioldanach@gmail.com
whoreperl@gmail.com,sf@sfritsch.de
sbasavanahally@gmail.com,chip@force-elite.com
wrowe@apache.org,mark.cave-ayland@ilande.co.uk
patrick@tizzef.net,julian@d-and-j.net
minfrin@sharp.fm,wrowe@apache.org
apache@nagilum.org,dag@wieers.com
arnaud.boulan@libertysurf.fr,wrowe@apache.org
nings@mailinator.com,evanc@nortel.com
whoreperl@gmail.com,minfrin@sharp.fm
nings@mailinator.com,ineyaa@gmail.com
do_not_reply_3b4j4b@mailinator.com,rsnel@cube.dyndns.org
jeyfox@gmail.com,evanc@nortel.com
david@gence.biz,chip@force-elite.com
dag@wieers.com,nick@webthing.com
newhouse@gmx.net,ivan.krivyakov@sungard.com
timmy@invisibles.org,dag@wieers.com
ubik.pl@gmail.com,nemesis@icequake.net
sbasavanahally@gmail.com,david@gence.biz
ivan@ikriv.com,sbasavanahally@gmail.com
nings@mailinator.com,pgollucci@apache.org
alefor@gmx.de,nick@webthing.com
oeufdure@gmail.com,parwy@parwy.com
emmanuel.e@gmx.net,timmy@invisibles.org
wrowe@apache.org,bugmenot@lortemail.dk
nemesis@icequake.net,dag@wieers.com
do_not_reply_3b4j4b@mailinator.com,ivan.krivyakov@sungard.com
sbasavanahally@gmail.com,nings@mailinator.com
sbasavanahally@gmail.com,pgollucci@apache.org
timmy@invisibles.org,brad_boyer@symantec.com
newhouse@gmx.net,mark.cave-ayland@ilande.co.uk
jorton@redhat.com,rsnel@cube.dyndns.org
dma_k@mail.ru,rudolf@pobox.com
patrick@tizzef.net,ivan@ikriv.com
issues.apache.org@krudde.nl,david@gence.biz
dma_k@mail.ru,alexey.pelykh@gmail.com
ineyaa@gmail.com,pergh@inbis.no
marek@palatinus.cz,lionel.victor@free.fr
ubik.pl@gmail.com,timmy@invisibles.org
julian@d-and-j.net,chouclia@spaml.de
nemesis@icequake.net,timmy@invisibles.org
chouclia@spaml.de,evgeny.sabelskiy@gmail.com
chouclia@spaml.de,sbasavanahally@gmail.com
nikolaus@rath.org,krcroft@gmail.com
julian@d-and-j.net,oeufdure@gmail.com
ineyaa@gmail.com,ioldanach@gmail.com
julian@d-and-j.net,ineyaa@gmail.com
wrowe@apache.org,jorton@redhat.com
newhouse@gmx.net,issues.apache.org@krudde.nl
do_not_reply_3b4j4b@mailinator.com,wrowe@apache.org
nick@webthing.com,emmanuel.e@gmx.net
timmy@invisibles.org,oeufdure@gmail.com
pergh@inbis.no,jorton@redhat.com
evgeny.sabelskiy@gmail.com,evanc@nortel.com
pergh@inbis.no,chip@force-elite.com
viktor.stujber@gmail.com,thomas@stewarts.org.uk
wrowe@apache.org,viktor.stujber@gmail.com
viktor.stujber@gmail.com,arnaud.boulan@libertysurf.fr
jeyfox@gmail.com,issues.apache.org@krudde.nl
sf@sfritsch.de,byosxxu@no-spam.hu
fatal.exception@gmail.com,sudhaker@yahoo.com
wrowe@apache.org,jeyfox@gmail.com
rpluem@apache.org,rudolf@pobox.com
nings@mailinator.com,wrowe@apache.org
laurent.tokyo+asf.bugzilla@gmail.com,arnaud.boulan@libertysurf.fr
ivan.krivyakov@sungard.com,apache@nagilum.org
lionel.victor@free.fr,minfrin@sharp.fm
dma_k@mail.ru,rpluem@apache.org
colin@xvpsource.org,evanc@nortel.com
sbasavanahally@gmail.com,evgeny.sabelskiy@gmail.com
chouclia@spaml.de,timmy@invisibles.org
julian@d-and-j.net,parwy@parwy.com
rudolf@pobox.com,david@gence.biz
ubik.pl@gmail.com,minfrin@sharp.fm
viktor.stujber@gmail.com,chip@force-elite.com
parwy@parwy.com,byosxxu@no-spam.hu
evanc@nortel.com,julian@d-and-j.net
ubik.pl@gmail.com,marek@palatinus.cz
julian@d-and-j.net,fatal.exception@gmail.com
evanc@nortel.com,parwy@parwy.com
ivan.krivyakov@sungard.com,david@gence.biz
ineyaa@gmail.com,lionel.victor@free.fr
ivan@ikriv.com,minfrin@sharp.fm
ivan@ikriv.com,whoreperl@gmail.com
ivan.krivyakov@sungard.com,minfrin@sharp.fm
krcroft@gmail.com,apache@nagilum.org
nemesis@icequake.net,rpluem@apache.org
do_not_reply_3b4j4b@mailinator.com,ineyaa@gmail.com
rpluem@apache.org,alefor@gmx.de
colin@xvpsource.org,parwy@parwy.com
jeyfox@gmail.com,do_not_reply_3b4j4b@mailinator.com
marek@palatinus.cz,wrowe@apache.org
laurent.tokyo+asf.bugzilla@gmail.com,newhouse@gmx.net
evgeny.sabelskiy@gmail.com,nings@mailinator.com
chouclia@spaml.de,laurent.tokyo+asf.bugzilla@gmail.com
issues.apache.org@krudde.nl,bugmenot@lortemail.dk
dma_k@mail.ru,patrick@tizzef.net
sudhaker@yahoo.com,emmanuel.e@gmx.net
dma_k@mail.ru,ivan.krivyakov@sungard.com
emmanuel.e@gmx.net,bugmenot@lortemail.dk
rpluem@apache.org,mark.cave-ayland@ilande.co.uk
lars@tuxplace.nl,patrick@tizzef.net
colin@xvpsource.org,wrowe@apache.org
julian@d-and-j.net,ivan@ikriv.com
lionel.victor@free.fr,krcroft@gmail.com
sergey.anoufrienko@gmail.com,sudhaker@yahoo.com
ioldanach@gmail.com,issues.apache.org@krudde.nl
lionel.victor@free.fr,ioldanach@gmail.com
pgollucci@apache.org,byosxxu@no-spam.hu
ivan@ikriv.com,apache@nagilum.org
pergh@inbis.no,wrowe@apache.org
dma_k@mail.ru,sbasavanahally@gmail.com
ivan.krivyakov@sungard.com,pgollucci@apache.org
jeyfox@gmail.com,ivan@ikriv.com
nikolaus@rath.org,dag@wieers.com
krcroft@gmail.com,alefor@gmx.de
julian@d-and-j.net,alexey.pelykh@gmail.com
krcroft@gmail.com,sf@sfritsch.de
rpluem@apache.org,david@gence.biz
viktor.stujber@gmail.com,rsnel@cube.dyndns.org
patrick@tizzef.net,david@gence.biz
satinders@safenet-inc.com,jorton@redhat.com
rpluem@apache.org,sudhaker@yahoo.com
laurent.tokyo+asf.bugzilla@gmail.com,krcroft@gmail.com
dma_k@mail.ru,rsnel@cube.dyndns.org
sf@sfritsch.de,marek@palatinus.cz
patrick@tizzef.net,evanc@nortel.com
viktor.stujber@gmail.com,julian@d-and-j.net
rsnel@cube.dyndns.org,brad_boyer@symantec.com
dma_k@mail.ru,whoreperl@gmail.com
colin@xvpsource.org,chip@force-elite.com
sf@sfritsch.de,newhouse@gmx.net
viktor.stujber@gmail.com,nick@webthing.com
dag@wieers.com,brad_boyer@symantec.com
oeufdure@gmail.com,arnaud.boulan@libertysurf.fr
newhouse@gmx.net,oeufdure@gmail.com
ivan@ikriv.com,patrick@tizzef.net
sbasavanahally@gmail.com,ivan.krivyakov@sungard.com
julian@d-and-j.net,laurent.tokyo+asf.bugzilla@gmail.com
alefor@gmx.de,dag@wieers.com
sudhaker@yahoo.com,rsnel@cube.dyndns.org
wrowe@apache.org,oeufdure@gmail.com
ubik.pl@gmail.com,sf@sfritsch.de
julian@d-and-j.net,nemesis@icequake.net
lars@tuxplace.nl,apache@nagilum.org
julian@d-and-j.net,marek@palatinus.cz
nings@mailinator.com,chip@force-elite.com
marek@palatinus.cz,chip@force-elite.com
laurent.tokyo+asf.bugzilla@gmail.com,lionel.victor@free.fr
colin@xvpsource.org,apache@nagilum.org
newhouse@gmx.net,rsnel@cube.dyndns.org
ubik.pl@gmail.com,alexey.pelykh@gmail.com
nikolaus@rath.org,bugmenot@lortemail.dk
issues.apache.org@krudde.nl,chip@force-elite.com
ioldanach@gmail.com,rsnel@cube.dyndns.org
rpluem@apache.org,ioldanach@gmail.com
evgeny.sabelskiy@gmail.com,pergh@inbis.no
jeyfox@gmail.com,wrowe@apache.org
pgollucci@apache.org,emmanuel.e@gmx.net
mark.cave-ayland@ilande.co.uk,ioldanach@gmail.com
ivan@ikriv.com,pergh@inbis.no
do_not_reply_3b4j4b@mailinator.com,dag@wieers.com
jeyfox@gmail.com,laurent.tokyo+asf.bugzilla@gmail.com
ivan.krivyakov@sungard.com,nemesis@icequake.net
patrick@tizzef.net,apache@nagilum.org
colin@xvpsource.org,nick@webthing.com
nikolaus@rath.org,satinders@safenet-inc.com
arnaud.boulan@libertysurf.fr,rpluem@apache.org
mark.cave-ayland@ilande.co.uk,dag@wieers.com
rudolf@pobox.com,bugmenot@lortemail.dk
nick@webthing.com,parwy@parwy.com
julian@d-and-j.net,timmy@invisibles.org
timmy@invisibles.org,wrowe@apache.org
emmanuel.e@gmx.net,brad_boyer@symantec.com
dag@wieers.com,wrowe@apache.org
thomas@stewarts.org.uk,marek@palatinus.cz
mark.cave-ayland@ilande.co.uk,brad_boyer@symantec.com
jeyfox@gmail.com,timmy@invisibles.org
krcroft@gmail.com,pergh@inbis.no
patrick@tizzef.net,fatal.exception@gmail.com
evgeny.sabelskiy@gmail.com,wrowe@apache.org
sergey.anoufrienko@gmail.com,jorton@redhat.com
sbasavanahally@gmail.com,oeufdure@gmail.com
chouclia@spaml.de,julian@d-and-j.net
jeyfox@gmail.com,colin@xvpsource.org
minfrin@sharp.fm,issues.apache.org@krudde.nl
wrowe@apache.org,pgollucci@apache.org
brad_boyer@symantec.com,thomas@stewarts.org.uk
do_not_reply_3b4j4b@mailinator.com,rudolf@pobox.com
do_not_reply_3b4j4b@mailinator.com,evanc@nortel.com
alexey.pelykh@gmail.com,wrowe@apache.org
krcroft@gmail.com,jorton@redhat.com
wrowe@apache.org,chip@force-elite.com
do_not_reply_3b4j4b@mailinator.com,sudhaker@yahoo.com
minfrin@sharp.fm,arnaud.boulan@libertysurf.fr
rpluem@apache.org,ineyaa@gmail.com
emmanuel.e@gmx.net,parwy@parwy.com
alexey.pelykh@gmail.com,rsnel@cube.dyndns.org
chouclia@spaml.de,patrick@tizzef.net
brad_boyer@symantec.com,marek@palatinus.cz
chip@force-elite.com,rsnel@cube.dyndns.org
colin@xvpsource.org,julian@d-and-j.net
nikolaus@rath.org,patrick@tizzef.net
ivan@ikriv.com,fatal.exception@gmail.com
jeyfox@gmail.com,thomas@stewarts.org.uk
krcroft@gmail.com,arnaud.boulan@libertysurf.fr
wrowe@apache.org,byosxxu@no-spam.hu
timmy@invisibles.org,byosxxu@no-spam.hu
thomas@stewarts.org.uk,chip@force-elite.com
ivan@ikriv.com,sf@sfritsch.de
dag@wieers.com,bugmenot@lortemail.dk
fatal.exception@gmail.com,viktor.stujber@gmail.com
laurent.tokyo+asf.bugzilla@gmail.com,thomas@stewarts.org.uk
jeyfox@gmail.com,marek@palatinus.cz
julian@d-and-j.net,evgeny.sabelskiy@gmail.com
arnaud.boulan@libertysurf.fr,dag@wieers.com
newhouse@gmx.net,satinders@safenet-inc.com
fatal.exception@gmail.com,issues.apache.org@krudde.nl
sbasavanahally@gmail.com,emmanuel.e@gmx.net
nings@mailinator.com,alexey.pelykh@gmail.com
laurent.tokyo+asf.bugzilla@gmail.com,alefor@gmx.de
colin@xvpsource.org,ineyaa@gmail.com
nikolaus@rath.org,apache@nagilum.org
wrowe@apache.org,sbasavanahally@gmail.com
wrowe@apache.org,nick@webthing.com
ivan.krivyakov@sungard.com,alefor@gmx.de
minfrin@sharp.fm,apache@nagilum.org
pergh@inbis.no,nick@webthing.com
sbasavanahally@gmail.com,nemesis@icequake.net
sergey.anoufrienko@gmail.com,newhouse@gmx.net
dma_k@mail.ru,apache@nagilum.org
julian@d-and-j.net,whoreperl@gmail.com
nings@mailinator.com,lionel.victor@free.fr
ivan@ikriv.com,julian@d-and-j.net
whoreperl@gmail.com,julian@d-and-j.net
sergey.anoufrienko@gmail.com,whoreperl@gmail.com
sbasavanahally@gmail.com,arnaud.boulan@libertysurf.fr
ubik.pl@gmail.com,nings@mailinator.com
lars@tuxplace.nl,thomas@stewarts.org.uk
pgollucci@apache.org,oeufdure@gmail.com
sbasavanahally@gmail.com,rpluem@apache.org
sbasavanahally@gmail.com,krcroft@gmail.com
jeyfox@gmail.com,nings@mailinator.com
laurent.tokyo+asf.bugzilla@gmail.com,minfrin@sharp.fm
jeyfox@gmail.com,ioldanach@gmail.com
jorton@redhat.com,emmanuel.e@gmx.net
timmy@invisibles.org,satinders@safenet-inc.com
ioldanach@gmail.com,arnaud.boulan@libertysurf.fr
sbasavanahally@gmail.com,ioldanach@gmail.com
do_not_reply_3b4j4b@mailinator.com,ubik.pl@gmail.com
krcroft@gmail.com,julian@d-and-j.net
ineyaa@gmail.com,david@gence.biz
patrick@tizzef.net,colin@xvpsource.org
dma_k@mail.ru,alefor@gmx.de
krcroft@gmail.com,brad_boyer@symantec.com
sbasavanahally@gmail.com,mark.cave-ayland@ilande.co.uk
satinders@safenet-inc.com,byosxxu@no-spam.hu
fatal.exception@gmail.com,laurent.tokyo+asf.bugzilla@gmail.com
issues.apache.org@krudde.nl,wrowe@apache.org
sergey.anoufrienko@gmail.com,nick@webthing.com
minfrin@sharp.fm,brad_boyer@symantec.com
bugmenot@lortemail.dk,issues.apache.org@krudde.nl
dag@wieers.com,sudhaker@yahoo.com
arnaud.boulan@libertysurf.fr,byosxxu@no-spam.hu
wrowe@apache.org,nemesis@icequake.net
chouclia@spaml.de,nick@webthing.com
colin@xvpsource.org,dag@wieers.com
sf@sfritsch.de,sbasavanahally@gmail.com
rpluem@apache.org,rsnel@cube.dyndns.org
alexey.pelykh@gmail.com,satinders@safenet-inc.com
sergey.anoufrienko@gmail.com,alexey.pelykh@gmail.com
nings@mailinator.com,jorton@redhat.com
jeyfox@gmail.com,patrick@tizzef.net
laurent.tokyo+asf.bugzilla@gmail.com,brad_boyer@symantec.com
ineyaa@gmail.com,brad_boyer@symantec.com
evanc@nortel.com,apache@nagilum.org
sbasavanahally@gmail.com,dag@wieers.com
emmanuel.e@gmx.net,chip@force-elite.com
julian@d-and-j.net,jeyfox@gmail.com
marek@palatinus.cz,jorton@redhat.com
patrick@tizzef.net,timmy@invisibles.org
sbasavanahally@gmail.com,issues.apache.org@krudde.nl
timmy@invisibles.org,arnaud.boulan@libertysurf.fr
krcroft@gmail.com,minfrin@sharp.fm
patrick@tizzef.net,rpluem@apache.org
wrowe@apache.org,colin@xvpsource.org
wrowe@apache.org,thomas@stewarts.org.uk
thomas@stewarts.org.uk,sudhaker@yahoo.com
evanc@nortel.com,alexey.pelykh@gmail.com
evgeny.sabelskiy@gmail.com,whoreperl@gmail.com
lars@tuxplace.nl,sergey.anoufrienko@gmail.com
wrowe@apache.org,laurent.tokyo+asf.bugzilla@gmail.com
timmy@invisibles.org,ioldanach@gmail.com
laurent.tokyo+asf.bugzilla@gmail.com,sudhaker@yahoo.com
david@gence.biz,satinders@safenet-inc.com
ubik.pl@gmail.com,pergh@inbis.no
lars@tuxplace.nl,chip@force-elite.com
sergey.anoufrienko@gmail.com,chip@force-elite.com
sergey.anoufrienko@gmail.com,lionel.victor@free.fr
ivan@ikriv.com,nings@mailinator.com
fatal.exception@gmail.com,colin@xvpsource.org
marek@palatinus.cz,apache@nagilum.org
evgeny.sabelskiy@gmail.com,sergey.anoufrienko@gmail.com
julian@d-and-j.net,ivan.krivyakov@sungard.com
lars@tuxplace.nl,brad_boyer@symantec.com
pgollucci@apache.org,pergh@inbis.no
sergey.anoufrienko@gmail.com,apache@nagilum.org
nikolaus@rath.org,jeyfox@gmail.com
emmanuel.e@gmx.net,alefor@gmx.de
sbasavanahally@gmail.com,ineyaa@gmail.com
wrowe@apache.org,rpluem@apache.org
wrowe@apache.org,ineyaa@gmail.com
nings@mailinator.com,krcroft@gmail.com
pgollucci@apache.org,alefor@gmx.de
evgeny.sabelskiy@gmail.com,issues.apache.org@krudde.nl
laurent.tokyo+asf.bugzilla@gmail.com,bugmenot@lortemail.dk
nings@mailinator.com,sf@sfritsch.de
mark.cave-ayland@ilande.co.uk,satinders@safenet-inc.com
do_not_reply_3b4j4b@mailinator.com,arnaud.boulan@libertysurf.fr
ioldanach@gmail.com,brad_boyer@symantec.com
lars@tuxplace.nl,julian@d-and-j.net
fatal.exception@gmail.com,thomas@stewarts.org.uk
sudhaker@yahoo.com,parwy@parwy.com
nemesis@icequake.net,pgollucci@apache.org
ioldanach@gmail.com,satinders@safenet-inc.com
evanc@nortel.com,ioldanach@gmail.com
alexey.pelykh@gmail.com,sudhaker@yahoo.com
julian@d-and-j.net,byosxxu@no-spam.hu
patrick@tizzef.net,brad_boyer@symantec.com
newhouse@gmx.net,jorton@redhat.com
nemesis@icequake.net,nick@webthing.com
brad_boyer@symantec.com,evanc@nortel.com
dma_k@mail.ru,ineyaa@gmail.com
sbasavanahally@gmail.com,whoreperl@gmail.com
sergey.anoufrienko@gmail.com,lars@tuxplace.nl
lionel.victor@free.fr,newhouse@gmx.net
wrowe@apache.org,satinders@safenet-inc.com
ivan.krivyakov@sungard.com,emmanuel.e@gmx.net
bugmenot@lortemail.dk,wrowe@apache.org
alefor@gmx.de,sudhaker@yahoo.com
minfrin@sharp.fm,jorton@redhat.com
issues.apache.org@krudde.nl,alefor@gmx.de
newhouse@gmx.net,chip@force-elite.com
evanc@nortel.com,dag@wieers.com
dma_k@mail.ru,lionel.victor@free.fr
nikolaus@rath.org,whoreperl@gmail.com
laurent.tokyo+asf.bugzilla@gmail.com,nemesis@icequake.net
colin@xvpsource.org,alexey.pelykh@gmail.com
jeyfox@gmail.com,pergh@inbis.no
minfrin@sharp.fm,evanc@nortel.com
evgeny.sabelskiy@gmail.com,sf@sfritsch.de
sergey.anoufrienko@gmail.com,do_not_reply_3b4j4b@mailinator.com
newhouse@gmx.net,krcroft@gmail.com
arnaud.boulan@libertysurf.fr,emmanuel.e@gmx.net
sbasavanahally@gmail.com,marek@palatinus.cz
patrick@tizzef.net,alefor@gmx.de
oeufdure@gmail.com,issues.apache.org@krudde.nl
viktor.stujber@gmail.com,alexey.pelykh@gmail.com
colin@xvpsource.org,sudhaker@yahoo.com
newhouse@gmx.net,julian@d-and-j.net
pgollucci@apache.org,wrowe@apache.org
jeyfox@gmail.com,sudhaker@yahoo.com
sf@sfritsch.de,ineyaa@gmail.com
krcroft@gmail.com,nick@webthing.com
krcroft@gmail.com,rpluem@apache.org
sf@sfritsch.de,dag@wieers.com
minfrin@sharp.fm,marek@palatinus.cz
fatal.exception@gmail.com,brad_boyer@symantec.com
ineyaa@gmail.com,issues.apache.org@krudde.nl
oeufdure@gmail.com,chip@force-elite.com
nick@webthing.com,mark.cave-ayland@ilande.co.uk
ineyaa@gmail.com,alexey.pelykh@gmail.com
sbasavanahally@gmail.com,timmy@invisibles.org
laurent.tokyo+asf.bugzilla@gmail.com,julian@d-and-j.net
lars@tuxplace.nl,sf@sfritsch.de
rpluem@apache.org,viktor.stujber@gmail.com
whoreperl@gmail.com,ivan.krivyakov@sungard.com
chouclia@spaml.de,dag@wieers.com
jeyfox@gmail.com,lionel.victor@free.fr
emmanuel.e@gmx.net,pergh@inbis.no
pergh@inbis.no,arnaud.boulan@libertysurf.fr
do_not_reply_3b4j4b@mailinator.com,chip@force-elite.com
evanc@nortel.com,thomas@stewarts.org.uk
patrick@tizzef.net,ivan.krivyakov@sungard.com
parwy@parwy.com,arnaud.boulan@libertysurf.fr
evgeny.sabelskiy@gmail.com,david@gence.biz
bugmenot@lortemail.dk,rsnel@cube.dyndns.org
julian@d-and-j.net,lars@tuxplace.nl
laurent.tokyo+asf.bugzilla@gmail.com,ivan.krivyakov@sungard.com
newhouse@gmx.net,alefor@gmx.de
rudolf@pobox.com,oeufdure@gmail.com
sf@sfritsch.de,emmanuel.e@gmx.net
sergey.anoufrienko@gmail.com,brad_boyer@symantec.com
minfrin@sharp.fm,timmy@invisibles.org
nings@mailinator.com,julian@d-and-j.net
lionel.victor@free.fr,sf@sfritsch.de
chouclia@spaml.de,newhouse@gmx.net
chouclia@spaml.de,thomas@stewarts.org.uk
wrowe@apache.org,chouclia@spaml.de
wrowe@apache.org,apache@nagilum.org
sf@sfritsch.de,rsnel@cube.dyndns.org
viktor.stujber@gmail.com,issues.apache.org@krudde.nl
dag@wieers.com,mark.cave-ayland@ilande.co.uk
chouclia@spaml.de,rpluem@apache.org
pgollucci@apache.org,thomas@stewarts.org.uk
chouclia@spaml.de,mark.cave-ayland@ilande.co.uk
sf@sfritsch.de,thomas@stewarts.org.uk
nick@webthing.com,byosxxu@no-spam.hu
nikolaus@rath.org,rudolf@pobox.com
evgeny.sabelskiy@gmail.com,ineyaa@gmail.com
rpluem@apache.org,julian@d-and-j.net
minfrin@sharp.fm,dag@wieers.com
dma_k@mail.ru,parwy@parwy.com
viktor.stujber@gmail.com,brad_boyer@symantec.com
julian@d-and-j.net,lionel.victor@free.fr
evanc@nortel.com,ineyaa@gmail.com
do_not_reply_3b4j4b@mailinator.com,satinders@safenet-inc.com
fatal.exception@gmail.com,ubik.pl@gmail.com
arnaud.boulan@libertysurf.fr,rsnel@cube.dyndns.org
sudhaker@yahoo.com,chip@force-elite.com
alexey.pelykh@gmail.com,rpluem@apache.org
arnaud.boulan@libertysurf.fr,chip@force-elite.com
nikolaus@rath.org,brad_boyer@symantec.com
evanc@nortel.com,arnaud.boulan@libertysurf.fr
laurent.tokyo+asf.bugzilla@gmail.com,ioldanach@gmail.com
evgeny.sabelskiy@gmail.com,thomas@stewarts.org.uk
lars@tuxplace.nl,marek@palatinus.cz
julian@d-and-j.net,dma_k@mail.ru
fatal.exception@gmail.com,alexey.pelykh@gmail.com
sergey.anoufrienko@gmail.com,laurent.tokyo+asf.bugzilla@gmail.com
colin@xvpsource.org,david@gence.biz
julian@d-and-j.net,sergey.anoufrienko@gmail.com
julian@d-and-j.net,rudolf@pobox.com
sudhaker@yahoo.com,brad_boyer@symantec.com
evgeny.sabelskiy@gmail.com,mark.cave-ayland@ilande.co.uk
sudhaker@yahoo.com,david@gence.biz
patrick@tizzef.net,chouclia@spaml.de
brad_boyer@symantec.com,viktor.stujber@gmail.com
chouclia@spaml.de,nemesis@icequake.net
lionel.victor@free.fr,colin@xvpsource.org
patrick@tizzef.net,alexey.pelykh@gmail.com
oeufdure@gmail.com,julian@d-and-j.net
dma_k@mail.ru,julian@d-and-j.net
lionel.victor@free.fr,marek@palatinus.cz
whoreperl@gmail.com,viktor.stujber@gmail.com
nikolaus@rath.org,lars@tuxplace.nl
viktor.stujber@gmail.com,satinders@safenet-inc.com
emmanuel.e@gmx.net,david@gence.biz
patrick@tizzef.net,wrowe@apache.org
parwy@parwy.com,rpluem@apache.org
minfrin@sharp.fm,krcroft@gmail.com
ivan.krivyakov@sungard.com,rpluem@apache.org
marek@palatinus.cz,oeufdure@gmail.com
wrowe@apache.org,sf@sfritsch.de
dma_k@mail.ru,nemesis@icequake.net
sergey.anoufrienko@gmail.com,jeyfox@gmail.com
emmanuel.e@gmx.net,oeufdure@gmail.com
chouclia@spaml.de,lionel.victor@free.fr
brad_boyer@symantec.com,timmy@invisibles.org
fatal.exception@gmail.com,satinders@safenet-inc.com
brad_boyer@symantec.com,pergh@inbis.no
lars@tuxplace.nl,colin@xvpsource.org
rudolf@pobox.com,emmanuel.e@gmx.net
nikolaus@rath.org,sudhaker@yahoo.com
alexey.pelykh@gmail.com,julian@d-and-j.net
nikolaus@rath.org,alexey.pelykh@gmail.com
jeyfox@gmail.com,ivan.krivyakov@sungard.com
minfrin@sharp.fm,julian@d-and-j.net
rpluem@apache.org,marek@palatinus.cz
issues.apache.org@krudde.nl,pergh@inbis.no
ivan@ikriv.com,rpluem@apache.org
pgollucci@apache.org,chip@force-elite.com
colin@xvpsource.org,pergh@inbis.no
lars@tuxplace.nl,ineyaa@gmail.com
nikolaus@rath.org,lionel.victor@free.fr
laurent.tokyo+asf.bugzilla@gmail.com,sf@sfritsch.de
nings@mailinator.com,marek@palatinus.cz
ubik.pl@gmail.com,arnaud.boulan@libertysurf.fr
newhouse@gmx.net,whoreperl@gmail.com
nings@mailinator.com,whoreperl@gmail.com
pgollucci@apache.org,bugmenot@lortemail.dk
evgeny.sabelskiy@gmail.com,rsnel@cube.dyndns.org
evanc@nortel.com,oeufdure@gmail.com
brad_boyer@symantec.com,alexey.pelykh@gmail.com
sf@sfritsch.de,oeufdure@gmail.com
julian@d-and-j.net,emmanuel.e@gmx.net
alefor@gmx.de,julian@d-and-j.net
rpluem@apache.org,brad_boyer@symantec.com
fatal.exception@gmail.com,nings@mailinator.com
pgollucci@apache.org,brad_boyer@symantec.com
viktor.stujber@gmail.com,marek@palatinus.cz
rsnel@cube.dyndns.org,jorton@redhat.com
lionel.victor@free.fr,ivan.krivyakov@sungard.com
ioldanach@gmail.com,lionel.victor@free.fr
nikolaus@rath.org,nemesis@icequake.net
ubik.pl@gmail.com,rpluem@apache.org
wrowe@apache.org,alexey.pelykh@gmail.com
evanc@nortel.com,issues.apache.org@krudde.nl
ubik.pl@gmail.com,dag@wieers.com
alefor@gmx.de,mark.cave-ayland@ilande.co.uk
ivan@ikriv.com,ineyaa@gmail.com
ivan.krivyakov@sungard.com,ineyaa@gmail.com
dma_k@mail.ru,david@gence.biz
nings@mailinator.com,sudhaker@yahoo.com
sergey.anoufrienko@gmail.com,chouclia@spaml.de
dma_k@mail.ru,colin@xvpsource.org
bugmenot@lortemail.dk,arnaud.boulan@libertysurf.fr
newhouse@gmx.net,sudhaker@yahoo.com
pgollucci@apache.org,krcroft@gmail.com
nemesis@icequake.net,sf@sfritsch.de
bugmenot@lortemail.dk,emmanuel.e@gmx.net
colin@xvpsource.org,ivan.krivyakov@sungard.com
emmanuel.e@gmx.net,dag@wieers.com
evanc@nortel.com,timmy@invisibles.org
rpluem@apache.org,arnaud.boulan@libertysurf.fr
brad_boyer@symantec.com,rsnel@cube.dyndns.org
ivan@ikriv.com,ioldanach@gmail.com
timmy@invisibles.org,david@gence.biz
lionel.victor@free.fr,thomas@stewarts.org.uk
dma_k@mail.ru,bugmenot@lortemail.dk
alexey.pelykh@gmail.com,marek@palatinus.cz
ubik.pl@gmail.com,evgeny.sabelskiy@gmail.com
david@gence.biz,brad_boyer@symantec.com
sf@sfritsch.de,do_not_reply_3b4j4b@mailinator.com
patrick@tizzef.net,nings@mailinator.com
julian@d-and-j.net,minfrin@sharp.fm
alexey.pelykh@gmail.com,arnaud.boulan@libertysurf.fr
pgollucci@apache.org,alexey.pelykh@gmail.com
nikolaus@rath.org,sergey.anoufrienko@gmail.com
lars@tuxplace.nl,satinders@safenet-inc.com
sudhaker@yahoo.com,byosxxu@no-spam.hu
oeufdure@gmail.com,brad_boyer@symantec.com
jeyfox@gmail.com,dag@wieers.com
lars@tuxplace.nl,nings@mailinator.com
evgeny.sabelskiy@gmail.com,krcroft@gmail.com
nemesis@icequake.net,thomas@stewarts.org.uk
julian@d-and-j.net,satinders@safenet-inc.com
sf@sfritsch.de,rpluem@apache.org
nikolaus@rath.org,sf@sfritsch.de
jeyfox@gmail.com,julian@d-and-j.net
sbasavanahally@gmail.com,pergh@inbis.no
brad_boyer@symantec.com,krcroft@gmail.com
whoreperl@gmail.com,sudhaker@yahoo.com
sbasavanahally@gmail.com,newhouse@gmx.net
lionel.victor@free.fr,rsnel@cube.dyndns.org
brad_boyer@symantec.com,rudolf@pobox.com
do_not_reply_3b4j4b@mailinator.com,parwy@parwy.com
sergey.anoufrienko@gmail.com,ioldanach@gmail.com
apache@nagilum.org,jorton@redhat.com
chip@force-elite.com,brad_boyer@symantec.com
nings@mailinator.com,alefor@gmx.de
newhouse@gmx.net,ioldanach@gmail.com
nick@webthing.com,wrowe@apache.org
evgeny.sabelskiy@gmail.com,viktor.stujber@gmail.com
nings@mailinator.com,satinders@safenet-inc.com
sbasavanahally@gmail.com,brad_boyer@symantec.com
ivan@ikriv.com,parwy@parwy.com
david@gence.biz,emmanuel.e@gmx.net
dma_k@mail.ru,do_not_reply_3b4j4b@mailinator.com
ineyaa@gmail.com,thomas@stewarts.org.uk
chouclia@spaml.de,ivan.krivyakov@sungard.com
parwy@parwy.com,rsnel@cube.dyndns.org
nings@mailinator.com,viktor.stujber@gmail.com
ioldanach@gmail.com,emmanuel.e@gmx.net
pgollucci@apache.org,dag@wieers.com
wrowe@apache.org,newhouse@gmx.net
viktor.stujber@gmail.com,ioldanach@gmail.com
ioldanach@gmail.com,david@gence.biz
chouclia@spaml.de,sudhaker@yahoo.com
nings@mailinator.com,rsnel@cube.dyndns.org
chouclia@spaml.de,arnaud.boulan@libertysurf.fr
do_not_reply_3b4j4b@mailinator.com,krcroft@gmail.com
ivan@ikriv.com,chip@force-elite.com
fatal.exception@gmail.com,jorton@redhat.com
ubik.pl@gmail.com,byosxxu@no-spam.hu
patrick@tizzef.net,pgollucci@apache.org
alexey.pelykh@gmail.com,lionel.victor@free.fr
sergey.anoufrienko@gmail.com,sf@sfritsch.de
dag@wieers.com,lionel.victor@free.fr
issues.apache.org@krudde.nl,satinders@safenet-inc.com
chouclia@spaml.de,bugmenot@lortemail.dk
colin@xvpsource.org,ioldanach@gmail.com
oeufdure@gmail.com,dag@wieers.com
krcroft@gmail.com,marek@palatinus.cz
david@gence.biz,arnaud.boulan@libertysurf.fr
viktor.stujber@gmail.com,rpluem@apache.org
chouclia@spaml.de,satinders@safenet-inc.com
pgollucci@apache.org,marek@palatinus.cz
fatal.exception@gmail.com,timmy@invisibles.org
brad_boyer@symantec.com,dag@wieers.com
evanc@nortel.com,mark.cave-ayland@ilande.co.uk
issues.apache.org@krudde.nl,marek@palatinus.cz
lionel.victor@free.fr,ineyaa@gmail.com
marek@palatinus.cz,issues.apache.org@krudde.nl
ivan.krivyakov@sungard.com,whoreperl@gmail.com
lionel.victor@free.fr,satinders@safenet-inc.com
lars@tuxplace.nl,alexey.pelykh@gmail.com
parwy@parwy.com,emmanuel.e@gmx.net
minfrin@sharp.fm,rudolf@pobox.com
whoreperl@gmail.com,colin@xvpsource.org
krcroft@gmail.com,rudolf@pobox.com
colin@xvpsource.org,nemesis@icequake.net
ioldanach@gmail.com,byosxxu@no-spam.hu
marek@palatinus.cz,byosxxu@no-spam.hu
ineyaa@gmail.com,sudhaker@yahoo.com
do_not_reply_3b4j4b@mailinator.com,thomas@stewarts.org.uk
sergey.anoufrienko@gmail.com,emmanuel.e@gmx.net
minfrin@sharp.fm,satinders@safenet-inc.com
chouclia@spaml.de,whoreperl@gmail.com
sbasavanahally@gmail.com,sudhaker@yahoo.com
oeufdure@gmail.com,jorton@redhat.com
patrick@tizzef.net,nemesis@icequake.net
dma_k@mail.ru,marek@palatinus.cz
evanc@nortel.com,brad_boyer@symantec.com
do_not_reply_3b4j4b@mailinator.com,oeufdure@gmail.com
chouclia@spaml.de,parwy@parwy.com
fatal.exception@gmail.com,pgollucci@apache.org
laurent.tokyo+asf.bugzilla@gmail.com,patrick@tizzef.net
evgeny.sabelskiy@gmail.com,alefor@gmx.de
rpluem@apache.org,jorton@redhat.com
evanc@nortel.com,jorton@redhat.com
jeyfox@gmail.com,mark.cave-ayland@ilande.co.uk
ivan.krivyakov@sungard.com,byosxxu@no-spam.hu
ubik.pl@gmail.com,colin@xvpsource.org
ioldanach@gmail.com,rpluem@apache.org
pergh@inbis.no,julian@d-and-j.net
lionel.victor@free.fr,david@gence.biz
krcroft@gmail.com,evanc@nortel.com
fatal.exception@gmail.com,sergey.anoufrienko@gmail.com
ivan@ikriv.com,satinders@safenet-inc.com
julian@d-and-j.net,apache@nagilum.org
david@gence.biz,jorton@redhat.com
brad_boyer@symantec.com,ioldanach@gmail.com
dag@wieers.com,chip@force-elite.com
nemesis@icequake.net,alefor@gmx.de
ivan@ikriv.com,marek@palatinus.cz
bugmenot@lortemail.dk,byosxxu@no-spam.hu
ivan.krivyakov@sungard.com,nick@webthing.com
whoreperl@gmail.com,evanc@nortel.com
viktor.stujber@gmail.com,nemesis@icequake.net
ubik.pl@gmail.com,nick@webthing.com
sf@sfritsch.de,nick@webthing.com
sergey.anoufrienko@gmail.com,oeufdure@gmail.com
patrick@tizzef.net,satinders@safenet-inc.com
emmanuel.e@gmx.net,satinders@safenet-inc.com
nick@webthing.com,rpluem@apache.org
julian@d-and-j.net,ioldanach@gmail.com
fatal.exception@gmail.com,evgeny.sabelskiy@gmail.com
nick@webthing.com,satinders@safenet-inc.com
dag@wieers.com,julian@d-and-j.net
ineyaa@gmail.com,viktor.stujber@gmail.com
laurent.tokyo+asf.bugzilla@gmail.com,sergey.anoufrienko@gmail.com
ubik.pl@gmail.com,emmanuel.e@gmx.net
chouclia@spaml.de,ineyaa@gmail.com
chouclia@spaml.de,pgollucci@apache.org
ivan.krivyakov@sungard.com,oeufdure@gmail.com
krcroft@gmail.com,alexey.pelykh@gmail.com
jeyfox@gmail.com,rpluem@apache.org
viktor.stujber@gmail.com,sudhaker@yahoo.com
do_not_reply_3b4j4b@mailinator.com,mark.cave-ayland@ilande.co.uk
krcroft@gmail.com,thomas@stewarts.org.uk
issues.apache.org@krudde.nl,jorton@redhat.com
brad_boyer@symantec.com,minfrin@sharp.fm
sf@sfritsch.de,apache@nagilum.org
colin@xvpsource.org,marek@palatinus.cz
lars@tuxplace.nl,bugmenot@lortemail.dk
emmanuel.e@gmx.net,apache@nagilum.org
lars@tuxplace.nl,do_not_reply_3b4j4b@mailinator.com
fatal.exception@gmail.com,rudolf@pobox.com
fatal.exception@gmail.com,evanc@nortel.com
chouclia@spaml.de,pergh@inbis.no
julian@d-and-j.net,brad_boyer@symantec.com
rudolf@pobox.com,arnaud.boulan@libertysurf.fr
krcroft@gmail.com,issues.apache.org@krudde.nl
rudolf@pobox.com,pergh@inbis.no
lionel.victor@free.fr,jorton@redhat.com
nemesis@icequake.net,arnaud.boulan@libertysurf.fr
sf@sfritsch.de,nemesis@icequake.net
sudhaker@yahoo.com,jorton@redhat.com
patrick@tizzef.net,whoreperl@gmail.com
fatal.exception@gmail.com,nick@webthing.com
minfrin@sharp.fm,ioldanach@gmail.com
newhouse@gmx.net,rudolf@pobox.com
evgeny.sabelskiy@gmail.com,julian@d-and-j.net
ineyaa@gmail.com,satinders@safenet-inc.com
nemesis@icequake.net,mark.cave-ayland@ilande.co.uk
sf@sfritsch.de,alefor@gmx.de
sergey.anoufrienko@gmail.com,mark.cave-ayland@ilande.co.uk
chouclia@spaml.de,ivan@ikriv.com
timmy@invisibles.org,jorton@redhat.com
ivan@ikriv.com,thomas@stewarts.org.uk
nick@webthing.com,timmy@invisibles.org
colin@xvpsource.org,mark.cave-ayland@ilande.co.uk
newhouse@gmx.net,marek@palatinus.cz
lars@tuxplace.nl,newhouse@gmx.net
rudolf@pobox.com,byosxxu@no-spam.hu
ineyaa@gmail.com,wrowe@apache.org
evgeny.sabelskiy@gmail.com,parwy@parwy.com
thomas@stewarts.org.uk,julian@d-and-j.net
david@gence.biz,lionel.victor@free.fr
do_not_reply_3b4j4b@mailinator.com,alexey.pelykh@gmail.com
rudolf@pobox.com,chip@force-elite.com
sudhaker@yahoo.com,wrowe@apache.org
julian@d-and-j.net,mark.cave-ayland@ilande.co.uk
brad_boyer@symantec.com,wrowe@apache.org
alefor@gmx.de,pergh@inbis.no
patrick@tizzef.net,nick@webthing.com
ivan@ikriv.com,nick@webthing.com
patrick@tizzef.net,dag@wieers.com
julian@d-and-j.net,bugmenot@lortemail.dk
pgollucci@apache.org,issues.apache.org@krudde.nl
ubik.pl@gmail.com,chip@force-elite.com
rpluem@apache.org,dag@wieers.com
rudolf@pobox.com,rpluem@apache.org
whoreperl@gmail.com,thomas@stewarts.org.uk
chouclia@spaml.de,david@gence.biz
dag@wieers.com,arnaud.boulan@libertysurf.fr
do_not_reply_3b4j4b@mailinator.com,newhouse@gmx.net
marek@palatinus.cz,mark.cave-ayland@ilande.co.uk
sf@sfritsch.de,pgollucci@apache.org
sf@sfritsch.de,colin@xvpsource.org
do_not_reply_3b4j4b@mailinator.com,issues.apache.org@krudde.nl
sbasavanahally@gmail.com,apache@nagilum.org
evanc@nortel.com,alefor@gmx.de
whoreperl@gmail.com,bugmenot@lortemail.dk
nings@mailinator.com,newhouse@gmx.net
thomas@stewarts.org.uk,alefor@gmx.de
chouclia@spaml.de,byosxxu@no-spam.hu
marek@palatinus.cz,rsnel@cube.dyndns.org
krcroft@gmail.com,ioldanach@gmail.com
nikolaus@rath.org,byosxxu@no-spam.hu
nikolaus@rath.org,viktor.stujber@gmail.com
ineyaa@gmail.com,dag@wieers.com
thomas@stewarts.org.uk,mark.cave-ayland@ilande.co.uk
marek@palatinus.cz,bugmenot@lortemail.dk
mark.cave-ayland@ilande.co.uk,emmanuel.e@gmx.net
julian@d-and-j.net,newhouse@gmx.net
brad_boyer@symantec.com,lionel.victor@free.fr
ivan@ikriv.com,pgollucci@apache.org
issues.apache.org@krudde.nl,brad_boyer@symantec.com
brad_boyer@symantec.com,issues.apache.org@krudde.nl
rudolf@pobox.com,nick@webthing.com
ivan@ikriv.com,emmanuel.e@gmx.net
nikolaus@rath.org,colin@xvpsource.org
issues.apache.org@krudde.nl,lionel.victor@free.fr
wrowe@apache.org,issues.apache.org@krudde.nl
evanc@nortel.com,pgollucci@apache.org
fatal.exception@gmail.com,rpluem@apache.org
nemesis@icequake.net,rsnel@cube.dyndns.org
nemesis@icequake.net,emmanuel.e@gmx.net
julian@d-and-j.net,nick@webthing.com
lionel.victor@free.fr,sudhaker@yahoo.com
bugmenot@lortemail.dk,ioldanach@gmail.com
sergey.anoufrienko@gmail.com,byosxxu@no-spam.hu
bugmenot@lortemail.dk,oeufdure@gmail.com
patrick@tizzef.net,minfrin@sharp.fm
do_not_reply_3b4j4b@mailinator.com,fatal.exception@gmail.com
colin@xvpsource.org,krcroft@gmail.com
sergey.anoufrienko@gmail.com,issues.apache.org@krudde.nl
thomas@stewarts.org.uk,bugmenot@lortemail.dk
dma_k@mail.ru,jorton@redhat.com
patrick@tizzef.net,byosxxu@no-spam.hu
dma_k@mail.ru,satinders@safenet-inc.com
patrick@tizzef.net,do_not_reply_3b4j4b@mailinator.com
newhouse@gmx.net,arnaud.boulan@libertysurf.fr
newhouse@gmx.net,lionel.victor@free.fr
sergey.anoufrienko@gmail.com,timmy@invisibles.org
colin@xvpsource.org,bugmenot@lortemail.dk
ivan.krivyakov@sungard.com,viktor.stujber@gmail.com
alefor@gmx.de,parwy@parwy.com
ineyaa@gmail.com,mark.cave-ayland@ilande.co.uk
colin@xvpsource.org,thomas@stewarts.org.uk
thomas@stewarts.org.uk,david@gence.biz
pergh@inbis.no,rpluem@apache.org
whoreperl@gmail.com,byosxxu@no-spam.hu
nick@webthing.com,apache@nagilum.org
lars@tuxplace.nl,whoreperl@gmail.com
nikolaus@rath.org,newhouse@gmx.net
laurent.tokyo+asf.bugzilla@gmail.com,ineyaa@gmail.com
rpluem@apache.org,thomas@stewarts.org.uk
lars@tuxplace.nl,timmy@invisibles.org
timmy@invisibles.org,julian@d-and-j.net
rpluem@apache.org,pergh@inbis.no
krcroft@gmail.com,sudhaker@yahoo.com
whoreperl@gmail.com,rudolf@pobox.com
rpluem@apache.org,apache@nagilum.org
ioldanach@gmail.com,oeufdure@gmail.com
patrick@tizzef.net,evgeny.sabelskiy@gmail.com
timmy@invisibles.org,issues.apache.org@krudde.nl
whoreperl@gmail.com,david@gence.biz
rudolf@pobox.com,lionel.victor@free.fr
viktor.stujber@gmail.com,oeufdure@gmail.com
krcroft@gmail.com,bugmenot@lortemail.dk
nikolaus@rath.org,timmy@invisibles.org
ineyaa@gmail.com,emmanuel.e@gmx.net
do_not_reply_3b4j4b@mailinator.com,alefor@gmx.de
lionel.victor@free.fr,nemesis@icequake.net
bugmenot@lortemail.dk,dag@wieers.com
thomas@stewarts.org.uk,ioldanach@gmail.com
patrick@tizzef.net,parwy@parwy.com
chouclia@spaml.de,jeyfox@gmail.com
lionel.victor@free.fr,oeufdure@gmail.com
mark.cave-ayland@ilande.co.uk,bugmenot@lortemail.dk
viktor.stujber@gmail.com,parwy@parwy.com
do_not_reply_3b4j4b@mailinator.com,nick@webthing.com
lars@tuxplace.nl,arnaud.boulan@libertysurf.fr
wrowe@apache.org,julian@d-and-j.net
emmanuel.e@gmx.net,lionel.victor@free.fr
krcroft@gmail.com,viktor.stujber@gmail.com
laurent.tokyo+asf.bugzilla@gmail.com,issues.apache.org@krudde.nl
pergh@inbis.no,parwy@parwy.com
evanc@nortel.com,byosxxu@no-spam.hu
whoreperl@gmail.com,satinders@safenet-inc.com
nick@webthing.com,arnaud.boulan@libertysurf.fr
do_not_reply_3b4j4b@mailinator.com,julian@d-and-j.net
sergey.anoufrienko@gmail.com,marek@palatinus.cz
sf@sfritsch.de,ioldanach@gmail.com
viktor.stujber@gmail.com,krcroft@gmail.com
rudolf@pobox.com,dag@wieers.com
dma_k@mail.ru,timmy@invisibles.org
patrick@tizzef.net,laurent.tokyo+asf.bugzilla@gmail.com
dag@wieers.com,satinders@safenet-inc.com
david@gence.biz,oeufdure@gmail.com
sudhaker@yahoo.com,issues.apache.org@krudde.nl
ineyaa@gmail.com,bugmenot@lortemail.dk
evgeny.sabelskiy@gmail.com,colin@xvpsource.org
do_not_reply_3b4j4b@mailinator.com,ioldanach@gmail.com
sbasavanahally@gmail.com,patrick@tizzef.net
nings@mailinator.com,mark.cave-ayland@ilande.co.uk
minfrin@sharp.fm,nemesis@icequake.net
do_not_reply_3b4j4b@mailinator.com,bugmenot@lortemail.dk
minfrin@sharp.fm,chip@force-elite.com
wrowe@apache.org,whoreperl@gmail.com
emmanuel.e@gmx.net,mark.cave-ayland@ilande.co.uk
sf@sfritsch.de,parwy@parwy.com
parwy@parwy.com,julian@d-and-j.net
fatal.exception@gmail.com,david@gence.biz
nick@webthing.com,chip@force-elite.com
fatal.exception@gmail.com,whoreperl@gmail.com
whoreperl@gmail.com,marek@palatinus.cz
do_not_reply_3b4j4b@mailinator.com,pergh@inbis.no
newhouse@gmx.net,alexey.pelykh@gmail.com
fatal.exception@gmail.com,pergh@inbis.no
evgeny.sabelskiy@gmail.com,arnaud.boulan@libertysurf.fr
chouclia@spaml.de,issues.apache.org@krudde.nl
ubik.pl@gmail.com,parwy@parwy.com
alexey.pelykh@gmail.com,bugmenot@lortemail.dk
sbasavanahally@gmail.com,viktor.stujber@gmail.com
ivan@ikriv.com,ivan.krivyakov@sungard.com
ineyaa@gmail.com,jorton@redhat.com
marek@palatinus.cz,arnaud.boulan@libertysurf.fr
nemesis@icequake.net,david@gence.biz
julian@d-and-j.net,do_not_reply_3b4j4b@mailinator.com
wrowe@apache.org,brad_boyer@symantec.com
evanc@nortel.com,david@gence.biz
dma_k@mail.ru,sf@sfritsch.de
nick@webthing.com,jorton@redhat.com
pgollucci@apache.org,ioldanach@gmail.com
ivan.krivyakov@sungard.com,ioldanach@gmail.com
patrick@tizzef.net,pergh@inbis.no
lars@tuxplace.nl,ivan.krivyakov@sungard.com
ineyaa@gmail.com,rpluem@apache.org
jeyfox@gmail.com,parwy@parwy.com
sergey.anoufrienko@gmail.com,rpluem@apache.org
fatal.exception@gmail.com,chip@force-elite.com
ineyaa@gmail.com,nemesis@icequake.net
laurent.tokyo+asf.bugzilla@gmail.com,rudolf@pobox.com
evgeny.sabelskiy@gmail.com,brad_boyer@symantec.com
arnaud.boulan@libertysurf.fr,satinders@safenet-inc.com
patrick@tizzef.net,mark.cave-ayland@ilande.co.uk
wrowe@apache.org,ubik.pl@gmail.com
issues.apache.org@krudde.nl,ioldanach@gmail.com
timmy@invisibles.org,rpluem@apache.org
do_not_reply_3b4j4b@mailinator.com,colin@xvpsource.org
laurent.tokyo+asf.bugzilla@gmail.com,nings@mailinator.com
julian@d-and-j.net,david@gence.biz
sbasavanahally@gmail.com,alefor@gmx.de
ivan.krivyakov@sungard.com,bugmenot@lortemail.dk
pergh@inbis.no,ioldanach@gmail.com
nikolaus@rath.org,emmanuel.e@gmx.net
fatal.exception@gmail.com,julian@d-and-j.net
wrowe@apache.org,nikolaus@rath.org
rudolf@pobox.com,ioldanach@gmail.com
emmanuel.e@gmx.net,rsnel@cube.dyndns.org
ivan.krivyakov@sungard.com,arnaud.boulan@libertysurf.fr
david@gence.biz,rpluem@apache.org
chouclia@spaml.de,krcroft@gmail.com
brad_boyer@symantec.com,julian@d-and-j.net
ineyaa@gmail.com,krcroft@gmail.com
sf@sfritsch.de,wrowe@apache.org
mark.cave-ayland@ilande.co.uk,pergh@inbis.no
rpluem@apache.org,alexey.pelykh@gmail.com
krcroft@gmail.com,pgollucci@apache.org
thomas@stewarts.org.uk,parwy@parwy.com
laurent.tokyo+asf.bugzilla@gmail.com,evanc@nortel.com
evgeny.sabelskiy@gmail.com,ioldanach@gmail.com
issues.apache.org@krudde.nl,arnaud.boulan@libertysurf.fr
nikolaus@rath.org,ivan.krivyakov@sungard.com
fatal.exception@gmail.com,sf@sfritsch.de
dma_k@mail.ru,dag@wieers.com
bugmenot@lortemail.dk,parwy@parwy.com
rudolf@pobox.com,wrowe@apache.org
newhouse@gmx.net,colin@xvpsource.org
nings@mailinator.com,ivan.krivyakov@sungard.com
minfrin@sharp.fm,sudhaker@yahoo.com
sbasavanahally@gmail.com,wrowe@apache.org
sudhaker@yahoo.com,lionel.victor@free.fr
evanc@nortel.com,emmanuel.e@gmx.net
sergey.anoufrienko@gmail.com,evanc@nortel.com
apache@nagilum.org,byosxxu@no-spam.hu
arnaud.boulan@libertysurf.fr,brad_boyer@symantec.com
patrick@tizzef.net,arnaud.boulan@libertysurf.fr
patrick@tizzef.net,thomas@stewarts.org.uk
sergey.anoufrienko@gmail.com,ineyaa@gmail.com
timmy@invisibles.org,parwy@parwy.com
nikolaus@rath.org,issues.apache.org@krudde.nl
pergh@inbis.no,dag@wieers.com
fatal.exception@gmail.com,krcroft@gmail.com
pgollucci@apache.org,apache@nagilum.org
arnaud.boulan@libertysurf.fr,apache@nagilum.org
rudolf@pobox.com,brad_boyer@symantec.com
julian@d-and-j.net,sbasavanahally@gmail.com
emmanuel.e@gmx.net,arnaud.boulan@libertysurf.fr
lionel.victor@free.fr,wrowe@apache.org
chouclia@spaml.de,alexey.pelykh@gmail.com
thomas@stewarts.org.uk,satinders@safenet-inc.com
ineyaa@gmail.com,marek@palatinus.cz
krcroft@gmail.com,dag@wieers.com
nings@mailinator.com,bugmenot@lortemail.dk
evgeny.sabelskiy@gmail.com,alexey.pelykh@gmail.com
ineyaa@gmail.com,parwy@parwy.com
ivan@ikriv.com,byosxxu@no-spam.hu
nick@webthing.com,david@gence.biz
marek@palatinus.cz,emmanuel.e@gmx.net
lionel.victor@free.fr,whoreperl@gmail.com
krcroft@gmail.com,wrowe@apache.org
patrick@tizzef.net,emmanuel.e@gmx.net
whoreperl@gmail.com,alefor@gmx.de
do_not_reply_3b4j4b@mailinator.com,marek@palatinus.cz
patrick@tizzef.net,krcroft@gmail.com
minfrin@sharp.fm,oeufdure@gmail.com
jeyfox@gmail.com,alexey.pelykh@gmail.com
ineyaa@gmail.com,timmy@invisibles.org
rpluem@apache.org,minfrin@sharp.fm
patrick@tizzef.net,dma_k@mail.ru
brad_boyer@symantec.com,sudhaker@yahoo.com
sbasavanahally@gmail.com,nick@webthing.com
nemesis@icequake.net,oeufdure@gmail.com
dag@wieers.com,byosxxu@no-spam.hu
nikolaus@rath.org,pergh@inbis.no
lionel.victor@free.fr,bugmenot@lortemail.dk
whoreperl@gmail.com,issues.apache.org@krudde.nl
issues.apache.org@krudde.nl,julian@d-and-j.net
ivan@ikriv.com,krcroft@gmail.com
ioldanach@gmail.com,jorton@redhat.com
whoreperl@gmail.com,wrowe@apache.org
sergey.anoufrienko@gmail.com,rudolf@pobox.com
jeyfox@gmail.com,viktor.stujber@gmail.com
rudolf@pobox.com,apache@nagilum.org
evanc@nortel.com,satinders@safenet-inc.com
ivan@ikriv.com,wrowe@apache.org
alexey.pelykh@gmail.com,nick@webthing.com
jeyfox@gmail.com,sf@sfritsch.de
ivan.krivyakov@sungard.com,wrowe@apache.org
nikolaus@rath.org,jorton@redhat.com
lars@tuxplace.nl,dma_k@mail.ru
rpluem@apache.org,sf@sfritsch.de
ineyaa@gmail.com,chip@force-elite.com
rpluem@apache.org,chip@force-elite.com
newhouse@gmx.net,brad_boyer@symantec.com
david@gence.biz,byosxxu@no-spam.hu
evanc@nortel.com,chip@force-elite.com
alefor@gmx.de,chip@force-elite.com
krcroft@gmail.com,nemesis@icequake.net
pgollucci@apache.org,jorton@redhat.com
sergey.anoufrienko@gmail.com,satinders@safenet-inc.com
sergey.anoufrienko@gmail.com,nings@mailinator.com
whoreperl@gmail.com,oeufdure@gmail.com
sf@sfritsch.de,chip@force-elite.com
alexey.pelykh@gmail.com,parwy@parwy.com
ubik.pl@gmail.com,sergey.anoufrienko@gmail.com
alefor@gmx.de,timmy@invisibles.org
wrowe@apache.org,krcroft@gmail.com
do_not_reply_3b4j4b@mailinator.com,apache@nagilum.org
brad_boyer@symantec.com,sf@sfritsch.de
issues.apache.org@krudde.nl,rsnel@cube.dyndns.org
nings@mailinator.com,rpluem@apache.org
ubik.pl@gmail.com,ineyaa@gmail.com
parwy@parwy.com,chip@force-elite.com
fatal.exception@gmail.com,ivan.krivyakov@sungard.com
laurent.tokyo+asf.bugzilla@gmail.com,nick@webthing.com
viktor.stujber@gmail.com,sf@sfritsch.de
sbasavanahally@gmail.com,satinders@safenet-inc.com
colin@xvpsource.org,rpluem@apache.org
ivan@ikriv.com,oeufdure@gmail.com
emmanuel.e@gmx.net,issues.apache.org@krudde.nl
alexey.pelykh@gmail.com,mark.cave-ayland@ilande.co.uk
nings@mailinator.com,minfrin@sharp.fm
do_not_reply_3b4j4b@mailinator.com,patrick@tizzef.net
oeufdure@gmail.com,rsnel@cube.dyndns.org
jeyfox@gmail.com,arnaud.boulan@libertysurf.fr
david@gence.biz,rsnel@cube.dyndns.org
patrick@tizzef.net,jeyfox@gmail.com
alefor@gmx.de,byosxxu@no-spam.hu
alexey.pelykh@gmail.com,timmy@invisibles.org
krcroft@gmail.com,byosxxu@no-spam.hu
dma_k@mail.ru,arnaud.boulan@libertysurf.fr
minfrin@sharp.fm,lionel.victor@free.fr
alefor@gmx.de,arnaud.boulan@libertysurf.fr
dma_k@mail.ru,sudhaker@yahoo.com
laurent.tokyo+asf.bugzilla@gmail.com,timmy@invisibles.org
nikolaus@rath.org,minfrin@sharp.fm
jorton@redhat.com,dag@wieers.com
nings@mailinator.com,issues.apache.org@krudde.nl
lars@tuxplace.nl,jorton@redhat.com
whoreperl@gmail.com,dag@wieers.com
emmanuel.e@gmx.net,marek@palatinus.cz
evanc@nortel.com,pergh@inbis.no
lars@tuxplace.nl,pgollucci@apache.org
brad_boyer@symantec.com,nemesis@icequake.net
nings@mailinator.com,thomas@stewarts.org.uk
ubik.pl@gmail.com,rsnel@cube.dyndns.org
ubik.pl@gmail.com,wrowe@apache.org
sbasavanahally@gmail.com,alexey.pelykh@gmail.com
laurent.tokyo+asf.bugzilla@gmail.com,byosxxu@no-spam.hu
patrick@tizzef.net,sudhaker@yahoo.com
minfrin@sharp.fm,viktor.stujber@gmail.com
nick@webthing.com,lionel.victor@free.fr
lars@tuxplace.nl,evgeny.sabelskiy@gmail.com
lionel.victor@free.fr,chip@force-elite.com
thomas@stewarts.org.uk,dag@wieers.com
do_not_reply_3b4j4b@mailinator.com,jorton@redhat.com
timmy@invisibles.org,mark.cave-ayland@ilande.co.uk
mark.cave-ayland@ilande.co.uk,oeufdure@gmail.com
ivan.krivyakov@sungard.com,krcroft@gmail.com
jeyfox@gmail.com,bugmenot@lortemail.dk
issues.apache.org@krudde.nl,dag@wieers.com
chouclia@spaml.de,oeufdure@gmail.com
ivan@ikriv.com,mark.cave-ayland@ilande.co.uk
lionel.victor@free.fr,mark.cave-ayland@ilande.co.uk
lars@tuxplace.nl,parwy@parwy.com
dma_k@mail.ru,newhouse@gmx.net
nemesis@icequake.net,marek@palatinus.cz
patrick@tizzef.net,sf@sfritsch.de
dag@wieers.com,timmy@invisibles.org
krcroft@gmail.com,ivan.krivyakov@sungard.com
laurent.tokyo+asf.bugzilla@gmail.com,jorton@redhat.com
ivan@ikriv.com,nemesis@icequake.net
evanc@nortel.com,rsnel@cube.dyndns.org
ivan.krivyakov@sungard.com,colin@xvpsource.org
rpluem@apache.org,parwy@parwy.com
lars@tuxplace.nl,lionel.victor@free.fr
laurent.tokyo+asf.bugzilla@gmail.com,chip@force-elite.com
alexey.pelykh@gmail.com,apache@nagilum.org
nikolaus@rath.org,dma_k@mail.ru
pergh@inbis.no,sudhaker@yahoo.com
nick@webthing.com,julian@d-and-j.net
dma_k@mail.ru,pgollucci@apache.org
patrick@tizzef.net,viktor.stujber@gmail.com
patrick@tizzef.net,sbasavanahally@gmail.com
ineyaa@gmail.com,oeufdure@gmail.com
ioldanach@gmail.com,parwy@parwy.com
nikolaus@rath.org,pgollucci@apache.org
alexey.pelykh@gmail.com,jorton@redhat.com
emmanuel.e@gmx.net,byosxxu@no-spam.hu
mark.cave-ayland@ilande.co.uk,chip@force-elite.com
alefor@gmx.de,marek@palatinus.cz
nikolaus@rath.org,nick@webthing.com
sbasavanahally@gmail.com,lionel.victor@free.fr
viktor.stujber@gmail.com,emmanuel.e@gmx.net
julian@d-and-j.net,sf@sfritsch.de
sudhaker@yahoo.com,julian@d-and-j.net
patrick@tizzef.net,lionel.victor@free.fr
lars@tuxplace.nl,sudhaker@yahoo.com
wrowe@apache.org,rsnel@cube.dyndns.org
evgeny.sabelskiy@gmail.com,jorton@redhat.com
colin@xvpsource.org,minfrin@sharp.fm
nings@mailinator.com,oeufdure@gmail.com
sergey.anoufrienko@gmail.com,bugmenot@lortemail.dk
laurent.tokyo+asf.bugzilla@gmail.com,alexey.pelykh@gmail.com
rudolf@pobox.com,thomas@stewarts.org.uk
newhouse@gmx.net,apache@nagilum.org
krcroft@gmail.com,emmanuel.e@gmx.net
colin@xvpsource.org,alefor@gmx.de
whoreperl@gmail.com,rpluem@apache.org
whoreperl@gmail.com,krcroft@gmail.com
marek@palatinus.cz,parwy@parwy.com
pgollucci@apache.org,lionel.victor@free.fr
pgollucci@apache.org,sf@sfritsch.de
krcroft@gmail.com,timmy@invisibles.org
emmanuel.e@gmx.net,thomas@stewarts.org.uk
alefor@gmx.de,ioldanach@gmail.com
fatal.exception@gmail.com,apache@nagilum.org
ivan@ikriv.com,laurent.tokyo+asf.bugzilla@gmail.com
rpluem@apache.org,krcroft@gmail.com
ubik.pl@gmail.com,issues.apache.org@krudde.nl
nemesis@icequake.net,byosxxu@no-spam.hu
evgeny.sabelskiy@gmail.com,newhouse@gmx.net
fatal.exception@gmail.com,alefor@gmx.de
thomas@stewarts.org.uk,brad_boyer@symantec.com
lars@tuxplace.nl,fatal.exception@gmail.com
ubik.pl@gmail.com,evanc@nortel.com
timmy@invisibles.org,pergh@inbis.no
ivan.krivyakov@sungard.com,sudhaker@yahoo.com
nemesis@icequake.net,issues.apache.org@krudde.nl
evgeny.sabelskiy@gmail.com,minfrin@sharp.fm
sbasavanahally@gmail.com,rudolf@pobox.com
dma_k@mail.ru,minfrin@sharp.fm
pergh@inbis.no,satinders@safenet-inc.com
brad_boyer@symantec.com,parwy@parwy.com
ivan@ikriv.com,rsnel@cube.dyndns.org
viktor.stujber@gmail.com,pergh@inbis.no
sf@sfritsch.de,fatal.exception@gmail.com
newhouse@gmx.net,sf@sfritsch.de
viktor.stujber@gmail.com,byosxxu@no-spam.hu
evgeny.sabelskiy@gmail.com,lionel.victor@free.fr
dag@wieers.com,rpluem@apache.org
ubik.pl@gmail.com,rudolf@pobox.com
newhouse@gmx.net,thomas@stewarts.org.uk
dma_k@mail.ru,jeyfox@gmail.com
ineyaa@gmail.com,byosxxu@no-spam.hu
rudolf@pobox.com,parwy@parwy.com
chouclia@spaml.de,colin@xvpsource.org
mark.cave-ayland@ilande.co.uk,byosxxu@no-spam.hu
chouclia@spaml.de,emmanuel.e@gmx.net
alefor@gmx.de,lionel.victor@free.fr
krcroft@gmail.com,oeufdure@gmail.com
issues.apache.org@krudde.nl,apache@nagilum.org
brad_boyer@symantec.com,nick@webthing.com
ubik.pl@gmail.com,whoreperl@gmail.com
fatal.exception@gmail.com,patrick@tizzef.net
do_not_reply_3b4j4b@mailinator.com,sergey.anoufrienko@gmail.com
colin@xvpsource.org,emmanuel.e@gmx.net
dma_k@mail.ru,fatal.exception@gmail.com
oeufdure@gmail.com,satinders@safenet-inc.com
alefor@gmx.de,brad_boyer@symantec.com
sbasavanahally@gmail.com,evanc@nortel.com
nick@webthing.com,ioldanach@gmail.com
do_not_reply_3b4j4b@mailinator.com,brad_boyer@symantec.com
brad_boyer@symantec.com,pgollucci@apache.org
brad_boyer@symantec.com,chip@force-elite.com
jeyfox@gmail.com,minfrin@sharp.fm
sudhaker@yahoo.com,apache@nagilum.org
minfrin@sharp.fm,pgollucci@apache.org
nings@mailinator.com,arnaud.boulan@libertysurf.fr
jeyfox@gmail.com,ubik.pl@gmail.com
laurent.tokyo+asf.bugzilla@gmail.com,marek@palatinus.cz
nikolaus@rath.org,chip@force-elite.com
chouclia@spaml.de,rsnel@cube.dyndns.org
patrick@tizzef.net,issues.apache.org@krudde.nl
sudhaker@yahoo.com,timmy@invisibles.org
laurent.tokyo+asf.bugzilla@gmail.com,wrowe@apache.org
laurent.tokyo+asf.bugzilla@gmail.com,david@gence.biz
ubik.pl@gmail.com,sudhaker@yahoo.com
evgeny.sabelskiy@gmail.com,sudhaker@yahoo.com
ivan@ikriv.com,timmy@invisibles.org
colin@xvpsource.org,brad_boyer@symantec.com
sf@sfritsch.de,sergey.anoufrienko@gmail.com
nikolaus@rath.org,do_not_reply_3b4j4b@mailinator.com
pgollucci@apache.org,julian@d-and-j.net
wrowe@apache.org,alefor@gmx.de
lionel.victor@free.fr,pgollucci@apache.org
evanc@nortel.com,viktor.stujber@gmail.com
sf@sfritsch.de,pergh@inbis.no
laurent.tokyo+asf.bugzilla@gmail.com,pgollucci@apache.org
jeyfox@gmail.com,alefor@gmx.de
alefor@gmx.de,rpluem@apache.org
pgollucci@apache.org,arnaud.boulan@libertysurf.fr
ineyaa@gmail.com,pgollucci@apache.org
minfrin@sharp.fm,nick@webthing.com
krcroft@gmail.com,colin@xvpsource.org
chouclia@spaml.de,ioldanach@gmail.com
issues.apache.org@krudde.nl,mark.cave-ayland@ilande.co.uk
newhouse@gmx.net,pergh@inbis.no
sf@sfritsch.de,brad_boyer@symantec.com
ubik.pl@gmail.com,satinders@safenet-inc.com
sbasavanahally@gmail.com,julian@d-and-j.net
fatal.exception@gmail.com,bugmenot@lortemail.dk
brad_boyer@symantec.com,jorton@redhat.com
jeyfox@gmail.com,newhouse@gmx.net
dma_k@mail.ru,nick@webthing.com
whoreperl@gmail.com,emmanuel.e@gmx.net
minfrin@sharp.fm,mark.cave-ayland@ilande.co.uk
lars@tuxplace.nl,nick@webthing.com
nikolaus@rath.org,ioldanach@gmail.com
sbasavanahally@gmail.com,parwy@parwy.com
dma_k@mail.ru,chip@force-elite.com
evgeny.sabelskiy@gmail.com,ivan.krivyakov@sungard.com
alexey.pelykh@gmail.com,alefor@gmx.de
pgollucci@apache.org,david@gence.biz
