rpluem@apache.org,bill+apache@bfccomputing.com
bill+apache@bfccomputing.com,jorton@redhat.com
poirier@pobox.com,fbregier@webmails.com
rpluem@apache.org,nick@webthing.com
otheus+opensource@gmail.com,jorton@redhat.com
poirier@pobox.com,nick@webthing.com
jorton@redhat.com,nick@webthing.com
otheus+opensource@gmail.com,nick@webthing.com
jorton@redhat.com,fbregier@webmails.com
otheus+opensource@gmail.com,fbregier@webmails.com
nick@webthing.com,fbregier@webmails.com
poirier@pobox.com,jorton@redhat.com
bill+apache@bfccomputing.com,rpluem@apache.org
bill+apache@bfccomputing.com,nick@webthing.com
otheus+opensource@gmail.com,bill+apache@bfccomputing.com
poirier@pobox.com,otheus+opensource@gmail.com
rpluem@apache.org,jorton@redhat.com
rpluem@apache.org,fbregier@webmails.com
fbregier@webmails.com,nick@webthing.com
poirier@pobox.com,bill+apache@bfccomputing.com
otheus+opensource@gmail.com,rpluem@apache.org
poirier@pobox.com,rpluem@apache.org
rpluem@apache.org,otheus+opensource@gmail.com
bill+apache@bfccomputing.com,fbregier@webmails.com
jorton@redhat.com,rpluem@apache.org
