sf@sfritsch.de,mh@nadir.org
mh@nadir.org,jf.cuinet@bgpartners.fr
sf@sfritsch.de,jorton@redhat.com
nd@perlig.de,trawick@apache.org
wrowe@apache.org,jorton@redhat.com
nd@perlig.de,wrowe@apache.org
tyler@nas.net,wrowe@apache.org
tyler@nas.net,mh@nadir.org
mh@nadir.org,wrowe@apache.org
sf@sfritsch.de,rpluem@apache.org
tyler@nas.net,trawick@apache.org
jorton@redhat.com,mh@nadir.org
jorton@redhat.com,trawick@apache.org
trawick@apache.org,jf.cuinet@bgpartners.fr
mh@nadir.org,trawick@apache.org
sf@sfritsch.de,jf.cuinet@bgpartners.fr
wrowe@apache.org,jf.cuinet@bgpartners.fr
rpluem@apache.org,jf.cuinet@bgpartners.fr
mh@nadir.org,nd@perlig.de
jorton@redhat.com,nd@perlig.de
wrowe@apache.org,nd@perlig.de
wrowe@apache.org,tyler@nas.net
jorton@redhat.com,jf.cuinet@bgpartners.fr
sf@sfritsch.de,nd@perlig.de
sf@sfritsch.de,tyler@nas.net
rpluem@apache.org,trawick@apache.org
sf@sfritsch.de,trawick@apache.org
rpluem@apache.org,jorton@redhat.com
nd@perlig.de,mh@nadir.org
rpluem@apache.org,nd@perlig.de
jorton@redhat.com,wrowe@apache.org
rpluem@apache.org,tyler@nas.net
rpluem@apache.org,mh@nadir.org
jorton@redhat.com,tyler@nas.net
sf@sfritsch.de,wrowe@apache.org
nd@perlig.de,jf.cuinet@bgpartners.fr
jf.cuinet@bgpartners.fr,nd@perlig.de
rpluem@apache.org,wrowe@apache.org
tyler@nas.net,nd@perlig.de
wrowe@apache.org,trawick@apache.org
nd@perlig.de,tyler@nas.net
trawick@apache.org,nd@perlig.de
wrowe@apache.org,mh@nadir.org
jf.cuinet@bgpartners.fr,trawick@apache.org
tyler@nas.net,jf.cuinet@bgpartners.fr
