covener@gmail.com,rpluem@apache.org
covener@gmail.com,nick@webthing.com
covener@gmail.com,pbelau1@yahoo.com
nick@webthing.com,covener@gmail.com
takashi.asfbugzilla@tks.st,covener@gmail.com
takashi.asfbugzilla@tks.st,rpluem@apache.org
pbelau1@yahoo.com,nick@webthing.com
rpluem@apache.org,pbelau1@yahoo.com
nick@webthing.com,pbelau1@yahoo.com
nick@webthing.com,rpluem@apache.org
pbelau1@yahoo.com,rpluem@apache.org
pbelau1@yahoo.com,covener@gmail.com
takashi.asfbugzilla@tks.st,pbelau1@yahoo.com
takashi.asfbugzilla@tks.st,nick@webthing.com
