joshua@idx.com.au,apachebugs@kyon.de
laurent@elanor.org,jrduncans@stephenduncanjr.com
jrduncans@stephenduncanjr.com,laurent@elanor.org
laurent@elanor.org,jc@thp.org
trawick@apache.org,cuentas@imarte.net
joshua@idx.com.au,minfrin@sharp.fm
jc@thp.org,cuentas@imarte.net
laurent@elanor.org,trawick@apache.org
trawick@apache.org,apachebugs@kyon.de
minfrin@sharp.fm,cuentas@imarte.net
jrduncans@stephenduncanjr.com,apachebugs@kyon.de
minfrin@sharp.fm,jc@thp.org
joshua@idx.com.au,cuentas@imarte.net
laurent@elanor.org,apachebugs@kyon.de
cuentas@imarte.net,laurent@elanor.org
minfrin@sharp.fm,joshua@idx.com.au
minfrin@sharp.fm,apachebugs@kyon.de
jc@thp.org,laurent@elanor.org
joshua@idx.com.au,trawick@apache.org
jrduncans@stephenduncanjr.com,cuentas@imarte.net
trawick@apache.org,laurent@elanor.org
jrduncans@stephenduncanjr.com,jc@thp.org
minfrin@sharp.fm,trawick@apache.org
cuentas@imarte.net,apachebugs@kyon.de
laurent@elanor.org,minfrin@sharp.fm
jrduncans@stephenduncanjr.com,trawick@apache.org
joshua@idx.com.au,jc@thp.org
minfrin@sharp.fm,jrduncans@stephenduncanjr.com
jc@thp.org,apachebugs@kyon.de
jc@thp.org,trawick@apache.org
minfrin@sharp.fm,laurent@elanor.org
laurent@elanor.org,cuentas@imarte.net
apachebugs@kyon.de,laurent@elanor.org
joshua@idx.com.au,jrduncans@stephenduncanjr.com
joshua@idx.com.au,laurent@elanor.org
