amichai2@amichais.net,tom.donovan@acm.org
jorton@redhat.com,amichai2@amichais.net
amichai2@amichais.net,jorton@redhat.com
jorton@redhat.com,tom.donovan@acm.org
rpluem@apache.org,tom.donovan@acm.org
wrowe@apache.org,jorton@redhat.com
tom.donovan@acm.org,rpluem@apache.org
rpluem@apache.org,amichai2@amichais.net
jorton@redhat.com,wrowe@apache.org
wrowe@apache.org,rpluem@apache.org
tom.donovan@acm.org,amichai2@amichais.net
wrowe@apache.org,amichai2@amichais.net
amichai2@amichais.net,rpluem@apache.org
rpluem@apache.org,jorton@redhat.com
wrowe@apache.org,tom.donovan@acm.org
tom.donovan@acm.org,jorton@redhat.com
tom.donovan@acm.org,wrowe@apache.org
jorton@redhat.com,rpluem@apache.org
