issues.apache.org@dale.us,apache@gagravarr.org
jorton@redhat.com,issues.apache.org@dale.us
rpluem@apache.org,davi@apache.org
issues.apache.org@dale.us,jorton@redhat.com
davi@apache.org,issues.apache.org@dale.us
rpluem@apache.org,jorton@redhat.com
rpluem@apache.org,apache@gagravarr.org
davi@apache.org,jorton@redhat.com
rpluem@apache.org,issues.apache.org@dale.us
jorton@redhat.com,davi@apache.org
davi@apache.org,apache@gagravarr.org
jorton@redhat.com,apache@gagravarr.org
jorton@redhat.com,rpluem@apache.org
