sf@sfritsch.de,k0te@cox.net
sf@sfritsch.de,mhspam@mail.sce.cz
noisefactor@netscape.net,k0te@cox.net
moc.hooha@yahoo.com,noisefactor@netscape.net
moc.hooha@yahoo.com,bugs.apache.org@mnot.net
moc.hooha@yahoo.com,slive@apache.org
moc.hooha@yahoo.com,chip@force-elite.com
chip@force-elite.com,slive@apache.org
sf@sfritsch.de,slive@apache.org
noisefactor@netscape.net,bugs.apache.org@mnot.net
chip@force-elite.com,jdeleon@ensim.com
sf@sfritsch.de,bugs.apache.org@mnot.net
slive@apache.org,noisefactor@netscape.net
mhspam@mail.sce.cz,noisefactor@netscape.net
sf@sfritsch.de,jorton@redhat.com
moc.hooha@yahoo.com,jorton@redhat.com
jdeleon@ensim.com,noisefactor@netscape.net
jorton@redhat.com,noisefactor@netscape.net
chip@force-elite.com,bugs.apache.org@mnot.net
jorton@redhat.com,bugs.apache.org@mnot.net
chip@force-elite.com,k0te@cox.net
chip@force-elite.com,noisefactor@netscape.net
jorton@redhat.com,jdeleon@ensim.com
sf@sfritsch.de,chip@force-elite.com
k0te@cox.net,slive@apache.org
bugs.apache.org@mnot.net,k0te@cox.net
mhspam@mail.sce.cz,bugs.apache.org@mnot.net
jorton@redhat.com,slive@apache.org
mhspam@mail.sce.cz,slive@apache.org
slive@apache.org,jorton@redhat.com
jdeleon@ensim.com,mhspam@mail.sce.cz
sf@sfritsch.de,moc.hooha@yahoo.com
moc.hooha@yahoo.com,mhspam@mail.sce.cz
chip@force-elite.com,mhspam@mail.sce.cz
jorton@redhat.com,mhspam@mail.sce.cz
chip@force-elite.com,jorton@redhat.com
slive@apache.org,jdeleon@ensim.com
slive@apache.org,chip@force-elite.com
sf@sfritsch.de,jdeleon@ensim.com
moc.hooha@yahoo.com,k0te@cox.net
mhspam@mail.sce.cz,k0te@cox.net
noisefactor@netscape.net,slive@apache.org
moc.hooha@yahoo.com,jdeleon@ensim.com
jdeleon@ensim.com,bugs.apache.org@mnot.net
jorton@redhat.com,chip@force-elite.com
k0te@cox.net,bugs.apache.org@mnot.net
jdeleon@ensim.com,k0te@cox.net
jorton@redhat.com,k0te@cox.net
slive@apache.org,mhspam@mail.sce.cz
slive@apache.org,bugs.apache.org@mnot.net
jdeleon@ensim.com,slive@apache.org
slive@apache.org,k0te@cox.net
sf@sfritsch.de,noisefactor@netscape.net
