sf@sfritsch.de,jorton@redhat.com
sf@sfritsch.de,nospam@indoktrination.at
apache-dev@lists.grepular.com,nospam@indoktrination.at
steve@openssl.org,asfbugz@velox.ch
sf@sfritsch.de,asfbugz@velox.ch
asfbugz@velox.ch,steve@openssl.org
sf@sfritsch.de,steve@openssl.org
steve@openssl.org,nospam@indoktrination.at
asfbugz@velox.ch,sf@sfritsch.de
asfbugz@velox.ch,jorton@redhat.com
steve@openssl.org,jorton@redhat.com
steve@openssl.org,apache-dev@lists.grepular.com
apache-dev@lists.grepular.com,steve@openssl.org
jorton@redhat.com,nospam@indoktrination.at
steve@openssl.org,sf@sfritsch.de
sf@sfritsch.de,apache-dev@lists.grepular.com
asfbugz@velox.ch,apache-dev@lists.grepular.com
apache-dev@lists.grepular.com,jorton@redhat.com
asfbugz@velox.ch,nospam@indoktrination.at
