i.galic@brainsware.org,davide@onlyforfun.net
i.galic@brainsware.org,chip@force-elite.com
rbowen@apache.org,davide@onlyforfun.net
poirier@pobox.com,davide@onlyforfun.net
slive@apache.org,davide@onlyforfun.net
slive@apache.org,chip@force-elite.com
poirier@pobox.com,rbowen@apache.org
slive@apache.org,st@kino-fahrplan.de
st@kino-fahrplan.de,chip@force-elite.com
i.galic@brainsware.org,st@kino-fahrplan.de
st@kino-fahrplan.de,davide@onlyforfun.net
rbowen@apache.org,chip@force-elite.com
chip@force-elite.com,davide@onlyforfun.net
slive@apache.org,rbowen@apache.org
i.galic@brainsware.org,rbowen@apache.org
st@kino-fahrplan.de,rbowen@apache.org
i.galic@brainsware.org,poirier@pobox.com
poirier@pobox.com,chip@force-elite.com
i.galic@brainsware.org,slive@apache.org
st@kino-fahrplan.de,slive@apache.org
poirier@pobox.com,slive@apache.org
poirier@pobox.com,st@kino-fahrplan.de
