rpluem@apache.org,remm@apache.org
rpluem@apache.org,mturk@apache.org
remm@apache.org,mturk@apache.org
william.barker@wilshire.com,mturk@apache.org
rpluem@apache.org,william.barker@wilshire.com
william.barker@wilshire.com,remm@apache.org
william.barker@wilshire.com,noel@devtech.com
noel@devtech.com,william.barker@wilshire.com
mturk@apache.org,noel@devtech.com
remm@apache.org,rpluem@apache.org
william.barker@wilshire.com,rpluem@apache.org
rpluem@apache.org,noel@devtech.com
remm@apache.org,william.barker@wilshire.com
mturk@apache.org,rpluem@apache.org
remm@apache.org,noel@devtech.com
mturk@apache.org,william.barker@wilshire.com
