nick@webthing.com,basant.kukreja@sun.com
nick@webthing.com,davi@apache.org
wrowe@apache.org,basant.kukreja@sun.com
davi@apache.org,basant.kukreja@sun.com
wrowe@apache.org,davi@apache.org
jose@w3.org,davi@apache.org
jose@w3.org,wrowe@apache.org
basant.kukreja@sun.com,davi@apache.org
basant.kukreja@sun.com,jose@w3.org
jose@w3.org,nick@webthing.com
wrowe@apache.org,jose@w3.org
nick@webthing.com,wrowe@apache.org
davi@apache.org,jose@w3.org
jose@w3.org,basant.kukreja@sun.com
nick@webthing.com,jose@w3.org
