uhlar@fantomas.sk,arkadi@mebius.lv
uhlar@fantomas.sk,chip@force-elite.com
chip@force-elite.com,jorton@redhat.com
takashi.asfbugzilla@tks.st,poromenos@poromenos.org
glenn@apache.org,csross@optonline.net
takashi.asfbugzilla@tks.st,markus@senoner.com
takashi.asfbugzilla@tks.st,arkadi@mebius.lv
poromenos@poromenos.org,csross@optonline.net
glenn@apache.org,jorton@redhat.com
arkadi@mebius.lv,chip@force-elite.com
glenn@apache.org,chip@force-elite.com
jorton@redhat.com,glenn@apache.org
jorton@redhat.com,chip@force-elite.com
markus@senoner.com,csross@optonline.net
jorton@redhat.com,csross@optonline.net
jorton@redhat.com,takashi.asfbugzilla@tks.st
markus@senoner.com,chip@force-elite.com
glenn@apache.org,poromenos@poromenos.org
csross@optonline.net,chip@force-elite.com
markus@senoner.com,poromenos@poromenos.org
poromenos@poromenos.org,arkadi@mebius.lv
arkadi@mebius.lv,jorton@redhat.com
glenn@apache.org,arkadi@mebius.lv
jorton@redhat.com,arkadi@mebius.lv
jorton@redhat.com,uhlar@fantomas.sk
uhlar@fantomas.sk,csross@optonline.net
markus@senoner.com,jorton@redhat.com
markus@senoner.com,arkadi@mebius.lv
glenn@apache.org,takashi.asfbugzilla@tks.st
uhlar@fantomas.sk,markus@senoner.com
takashi.asfbugzilla@tks.st,jorton@redhat.com
glenn@apache.org,markus@senoner.com
takashi.asfbugzilla@tks.st,csross@optonline.net
uhlar@fantomas.sk,jorton@redhat.com
jorton@redhat.com,markus@senoner.com
csross@optonline.net,arkadi@mebius.lv
poromenos@poromenos.org,jorton@redhat.com
uhlar@fantomas.sk,glenn@apache.org
jorton@redhat.com,poromenos@poromenos.org
csross@optonline.net,jorton@redhat.com
markus@senoner.com,takashi.asfbugzilla@tks.st
poromenos@poromenos.org,chip@force-elite.com
chip@force-elite.com,arkadi@mebius.lv
uhlar@fantomas.sk,poromenos@poromenos.org
uhlar@fantomas.sk,takashi.asfbugzilla@tks.st
takashi.asfbugzilla@tks.st,glenn@apache.org
takashi.asfbugzilla@tks.st,chip@force-elite.com
