wrowe@apache.org,rainer.jung@kippdata.de
rpluem@apache.org,wrowe@apache.org
toadie643@gmail.com,rpluem@apache.org
rpluem@apache.org,toadie643@gmail.com
jorton@redhat.com,rainer.jung@kippdata.de
wrowe@apache.org,jorton@redhat.com
toadie643@gmail.com,jorton@redhat.com
rainer.jung@kippdata.de,rpluem@apache.org
jorton@redhat.com,wrowe@apache.org
wrowe@apache.org,rpluem@apache.org
rpluem@apache.org,jorton@redhat.com
rpluem@apache.org,rainer.jung@kippdata.de
toadie643@gmail.com,rainer.jung@kippdata.de
toadie643@gmail.com,wrowe@apache.org
jorton@redhat.com,rpluem@apache.org
