christophe.jaillet@wanadoo.fr,jerenkrantz@apache.org
christophe.jaillet@wanadoo.fr,chip@force-elite.com
davi@apache.org,chip@force-elite.com
davi@apache.org,achowe@snert.com
poirier@pobox.com,achowe@snert.com
poirier@pobox.com,chip@force-elite.com
christophe.jaillet@wanadoo.fr,covener@gmail.com
poirier@pobox.com,davi@apache.org
jerenkrantz@apache.org,achowe@snert.com
covener@gmail.com,poirier@pobox.com
covener@gmail.com,achowe@snert.com
christophe.jaillet@wanadoo.fr,poirier@pobox.com
chip@force-elite.com,jerenkrantz@apache.org
covener@gmail.com,jerenkrantz@apache.org
wrowe@apache.org,davi@apache.org
covener@gmail.com,trawick@apache.org
chip@force-elite.com,achowe@snert.com
davi@apache.org,jerenkrantz@apache.org
covener@gmail.com,chip@force-elite.com
christophe.jaillet@wanadoo.fr,achowe@snert.com
wrowe@apache.org,poirier@pobox.com
covener@gmail.com,davi@apache.org
wrowe@apache.org,jerenkrantz@apache.org
christophe.jaillet@wanadoo.fr,trawick@apache.org
jerenkrantz@apache.org,trawick@apache.org
chip@force-elite.com,trawick@apache.org
wrowe@apache.org,chip@force-elite.com
trawick@apache.org,achowe@snert.com
christophe.jaillet@wanadoo.fr,davi@apache.org
wrowe@apache.org,trawick@apache.org
wrowe@apache.org,achowe@snert.com
poirier@pobox.com,trawick@apache.org
wrowe@apache.org,christophe.jaillet@wanadoo.fr
wrowe@apache.org,covener@gmail.com
davi@apache.org,trawick@apache.org
poirier@pobox.com,jerenkrantz@apache.org
