nick@webthing.com,nd@perlig.de
bth01@health.state.ny.us,dietmar.rabich@web.de
noah@hd.se,dietmar.rabich@web.de
nd@perlig.de,apache@slebog.net
andersk@mit.edu,apache@slebog.net
rpluem@apache.org,dietmar.rabich@web.de
andersk@mit.edu,nd@perlig.de
andersk@mit.edu,nick@webthing.com
andersk@mit.edu,zart@zartsoft.ru
andersk@mit.edu,bth01@health.state.ny.us
zart@zartsoft.ru,dietmar.rabich@web.de
rpluem@apache.org,zart@zartsoft.ru
rpluem@apache.org,noah@hd.se
andersk@mit.edu,dietmar.rabich@web.de
rpluem@apache.org,apache@slebog.net
apache@slebog.net,zart@zartsoft.ru
nd@perlig.de,dietmar.rabich@web.de
bth01@health.state.ny.us,zart@zartsoft.ru
noah@hd.se,apache@slebog.net
andersk@mit.edu,noah@hd.se
nd@perlig.de,zart@zartsoft.ru
nick@webthing.com,noah@hd.se
rpluem@apache.org,nd@perlig.de
nick@webthing.com,bth01@health.state.ny.us
bth01@health.state.ny.us,noah@hd.se
rpluem@apache.org,bth01@health.state.ny.us
noah@hd.se,zart@zartsoft.ru
nick@webthing.com,rpluem@apache.org
nick@webthing.com,dietmar.rabich@web.de
bth01@health.state.ny.us,apache@slebog.net
apache@slebog.net,dietmar.rabich@web.de
nick@webthing.com,zart@zartsoft.ru
bth01@health.state.ny.us,nd@perlig.de
apache@slebog.net,nd@perlig.de
andersk@mit.edu,rpluem@apache.org
noah@hd.se,nd@perlig.de
nick@webthing.com,apache@slebog.net
bth01@health.state.ny.us,rpluem@apache.org
