wrowe@apache.org,nd@perlig.de
nd@perlig.de,apache-bugs+6235@spodhuis.org
wrowe@apache.org,beuc@beuc.net
neale-asf@woozle.org,beuc@beuc.net
thijs@debian.org,neale-asf@woozle.org
thijs@debian.org,beuc@beuc.net
nd@perlig.de,beuc@beuc.net
neale-asf@woozle.org,wrowe@apache.org
apache-bugs+6235@spodhuis.org,nd@perlig.de
thijs@debian.org,apache-bugs+6235@spodhuis.org
neale-asf@woozle.org,apache-bugs+6235@spodhuis.org
apache-bugs+6235@spodhuis.org,beuc@beuc.net
neale-asf@woozle.org,thijs@debian.org
wrowe@apache.org,thijs@debian.org
neale-asf@woozle.org,nd@perlig.de
wrowe@apache.org,apache-bugs+6235@spodhuis.org
wrowe@apache.org,neale-asf@woozle.org
thijs@debian.org,nd@perlig.de
