gregames@apache.org,chip@force-elite.com
ralf.stubner@physik.uni-erlangen.de,chip@force-elite.com
wrowe@apache.org,ajalbert@excite.com
nick@webthing.com,trawick@apache.org
jorton@redhat.com,ralf.stubner@physik.uni-erlangen.de
jorton@redhat.com,bjoernv@arcor.de
bnicholes@apache.org,ajalbert@excite.com
ajalbert@excite.com,sami.tikka@f-secure.com
jorton@redhat.com,sami.tikka@f-secure.com
jorton@redhat.com,bnicholes@apache.org
gregames@apache.org,wrowe@apache.org
gregames@apache.org,ajalbert@excite.com
gregames@apache.org,bnicholes@apache.org
bnicholes@apache.org,slive@apache.org
ajalbert@excite.com,nick@webthing.com
bjoernv@arcor.de,nick@webthing.com
gregames@apache.org,nick@webthing.com
ralf.stubner@physik.uni-erlangen.de,nick@webthing.com
chip@force-elite.com,nick@webthing.com
bnicholes@apache.org,ralf.stubner@physik.uni-erlangen.de
wrowe@apache.org,slive@apache.org
covener@gmail.com,bnicholes@apache.org
jorton@redhat.com,trawick@apache.org
ralf.stubner@physik.uni-erlangen.de,slive@apache.org
slive@apache.org,trawick@apache.org
ajalbert@excite.com,trawick@apache.org
wrowe@apache.org,ralf.stubner@physik.uni-erlangen.de
bnicholes@apache.org,trawick@apache.org
bjoernv@arcor.de,ajalbert@excite.com
covener@gmail.com,ralf.stubner@physik.uni-erlangen.de
sami.tikka@f-secure.com,trawick@apache.org
bjoernv@arcor.de,bnicholes@apache.org
jorton@redhat.com,chip@force-elite.com
bnicholes@apache.org,sami.tikka@f-secure.com
gregames@apache.org,bjoernv@arcor.de
bjoernv@arcor.de,sami.tikka@f-secure.com
covener@gmail.com,trawick@apache.org
chip@force-elite.com,ajalbert@excite.com
ajalbert@excite.com,slive@apache.org
chip@force-elite.com,slive@apache.org
covener@gmail.com,chip@force-elite.com
ralf.stubner@physik.uni-erlangen.de,sami.tikka@f-secure.com
jorton@redhat.com,slive@apache.org
trawick@apache.org,sami.tikka@f-secure.com
jorton@redhat.com,wrowe@apache.org
chip@force-elite.com,sami.tikka@f-secure.com
ralf.stubner@physik.uni-erlangen.de,trawick@apache.org
bnicholes@apache.org,nick@webthing.com
chip@force-elite.com,trawick@apache.org
bjoernv@arcor.de,ralf.stubner@physik.uni-erlangen.de
wrowe@apache.org,chip@force-elite.com
covener@gmail.com,bjoernv@arcor.de
bjoernv@arcor.de,chip@force-elite.com
jorton@redhat.com,gregames@apache.org
bjoernv@arcor.de,trawick@apache.org
covener@gmail.com,nick@webthing.com
ralf.stubner@physik.uni-erlangen.de,ajalbert@excite.com
covener@gmail.com,slive@apache.org
jorton@redhat.com,nick@webthing.com
nick@webthing.com,sami.tikka@f-secure.com
covener@gmail.com,wrowe@apache.org
gregames@apache.org,ralf.stubner@physik.uni-erlangen.de
wrowe@apache.org,trawick@apache.org
bjoernv@arcor.de,slive@apache.org
gregames@apache.org,sami.tikka@f-secure.com
covener@gmail.com,gregames@apache.org
chip@force-elite.com,ralf.stubner@physik.uni-erlangen.de
gregames@apache.org,trawick@apache.org
wrowe@apache.org,nick@webthing.com
nick@webthing.com,slive@apache.org
ajalbert@excite.com,ralf.stubner@physik.uni-erlangen.de
jorton@redhat.com,ajalbert@excite.com
covener@gmail.com,sami.tikka@f-secure.com
ralf.stubner@physik.uni-erlangen.de,bjoernv@arcor.de
covener@gmail.com,ajalbert@excite.com
slive@apache.org,sami.tikka@f-secure.com
wrowe@apache.org,sami.tikka@f-secure.com
chip@force-elite.com,bnicholes@apache.org
gregames@apache.org,slive@apache.org
wrowe@apache.org,bjoernv@arcor.de
covener@gmail.com,jorton@redhat.com
wrowe@apache.org,bnicholes@apache.org
ralf.stubner@physik.uni-erlangen.de,bnicholes@apache.org
