rahul.g.nair@gmail.com,jorton@redhat.com
rob@framemedia.com,rahul.g.nair@gmail.com
anathaniel@apache.org,wrowe@apache.org
jorton@redhat.com,rob@framemedia.com
wrowe@apache.org,anathaniel@apache.org
wrowe@apache.org,jorton@redhat.com
jorton@redhat.com,wrowe@apache.org
jorton@redhat.com,rahul.g.nair@gmail.com
rahul.g.nair@gmail.com,anathaniel@apache.org
wrowe@apache.org,rahul.g.nair@gmail.com
rob@framemedia.com,jorton@redhat.com
rob@framemedia.com,wrowe@apache.org
rob@framemedia.com,anathaniel@apache.org
jorton@redhat.com,anathaniel@apache.org
anathaniel@apache.org,jorton@redhat.com
anathaniel@apache.org,rahul.g.nair@gmail.com
