rpluem@apache.org,arvind.srinivasan@sun.com
gauze@omnimental.tmetic.com,chip@force-elite.com
chip@force-elite.com,trawick@apache.org
rpluem@apache.org,sander@temme.net
gauze@omnimental.tmetic.com,trawick@apache.org
rpluem@apache.org,trawick@apache.org
sander@temme.net,gauze@omnimental.tmetic.com
sander@temme.net,chip@force-elite.com
arvind.srinivasan@sun.com,gauze@omnimental.tmetic.com
trawick@apache.org,chip@force-elite.com
arvind.srinivasan@sun.com,trawick@apache.org
chip@force-elite.com,gauze@omnimental.tmetic.com
arvind.srinivasan@sun.com,sander@temme.net
rpluem@apache.org,gauze@omnimental.tmetic.com
rpluem@apache.org,chip@force-elite.com
trawick@apache.org,gauze@omnimental.tmetic.com
arvind.srinivasan@sun.com,chip@force-elite.com
sander@temme.net,trawick@apache.org
sander@temme.net,arvind.srinivasan@sun.com
