chip@force-elite.com,slive@apache.org
sf@sfritsch.de,nd@perlig.de
gosteen@gmail.com,sasajima@pc.fujitsu.com
nd@perlig.de,chip@force-elite.com
nd@perlig.de,sasajima@pc.fujitsu.com
nd@perlig.de,slive@apache.org
sf@sfritsch.de,gosteen@gmail.com
gosteen@gmail.com,nd@perlig.de
chip@force-elite.com,sasajima@pc.fujitsu.com
sf@sfritsch.de,chip@force-elite.com
sf@sfritsch.de,sasajima@pc.fujitsu.com
sf@sfritsch.de,slive@apache.org
slive@apache.org,sasajima@pc.fujitsu.com
gosteen@gmail.com,slive@apache.org
gosteen@gmail.com,chip@force-elite.com
