axelseaa@modevia.com,ovchinnikov@slavgrad.ru
sf@sfritsch.de,axelseaa@modevia.com
james@nyi.net,ovchinnikov@slavgrad.ru
smichael@rightnow.com,ovchinnikov@slavgrad.ru
sf@sfritsch.de,ovchinnikov@slavgrad.ru
smichael@rightnow.com,james@nyi.net
sf@sfritsch.de,smichael@rightnow.com
alexey.portnov@gmail.com,james@nyi.net
smichael@rightnow.com,alexey.portnov@gmail.com
alexey.portnov@gmail.com,axelseaa@modevia.com
smichael@rightnow.com,pgollucci@apache.org
pgollucci@apache.org,alexey.portnov@gmail.com
sf@sfritsch.de,alexey.portnov@gmail.com
alexey.portnov@gmail.com,ovchinnikov@slavgrad.ru
smichael@rightnow.com,axelseaa@modevia.com
axelseaa@modevia.com,james@nyi.net
sf@sfritsch.de,pgollucci@apache.org
pgollucci@apache.org,james@nyi.net
pgollucci@apache.org,axelseaa@modevia.com
sf@sfritsch.de,james@nyi.net
pgollucci@apache.org,ovchinnikov@slavgrad.ru
