bradyb@arl.army.mil,minfrin@apache.org
marcus@fysix.com,jens.schleusener@t-systems.com
mark_round@ipcmedia.com,jim@apache.org
marcus@fysix.com,mz@incunabulum.de
nd@perlig.de,web-nagoya.apache.org@jankratochvil.net
mark_round@ipcmedia.com,chrisbolt@gmail.com
jorton@redhat.com,web-nagoya.apache.org@jankratochvil.net
mz@incunabulum.de,jens.schleusener@t-systems.com
jim@apache.org,wrowe@apache.org
bradyb@arl.army.mil,jim@apache.org
mark_round@ipcmedia.com,jens.schleusener@t-systems.com
nd@perlig.de,wrowe@apache.org
mark_round@ipcmedia.com,bradyb@arl.army.mil
marcus@fysix.com,nd@perlig.de
jim@apache.org,michael.teitler@cetelem.fr
mark_round@ipcmedia.com,jorton@redhat.com
web-nagoya.apache.org@jankratochvil.net,minfrin@apache.org
jens.schleusener@t-systems.com,chrisbolt@gmail.com
mz@incunabulum.de,bradyb@arl.army.mil
minfrin@apache.org,michael.teitler@cetelem.fr
slight_@hotmail.com,mark_round@ipcmedia.com
mss@apache.org,marcus@fysix.com
mss@apache.org,bradyb@arl.army.mil
slight_@hotmail.com,michael.teitler@cetelem.fr
marcus@fysix.com,wrowe@apache.org
mss@apache.org,mark_round@ipcmedia.com
bradyb@arl.army.mil,michael.teitler@cetelem.fr
slight_@hotmail.com,wrowe@apache.org
marcus@fysix.com,bradyb@arl.army.mil
mz@incunabulum.de,mark_round@ipcmedia.com
mss@apache.org,michael.teitler@cetelem.fr
mss@apache.org,jorton@redhat.com
web-nagoya.apache.org@jankratochvil.net,slight_@hotmail.com
jorton@redhat.com,mark_round@ipcmedia.com
mz@incunabulum.de,jorton@redhat.com
slight_@hotmail.com,minfrin@apache.org
marcus@fysix.com,chrisbolt@gmail.com
jens.schleusener@t-systems.com,wrowe@apache.org
jorton@redhat.com,mz@incunabulum.de
jens.schleusener@t-systems.com,nd@perlig.de
mz@incunabulum.de,wrowe@apache.org
marcus@fysix.com,slight_@hotmail.com
chrisbolt@gmail.com,wrowe@apache.org
web-nagoya.apache.org@jankratochvil.net,marcus@fysix.com
slight_@hotmail.com,mz@incunabulum.de
slight_@hotmail.com,jim@apache.org
wrowe@apache.org,michael.teitler@cetelem.fr
nd@perlig.de,jim@apache.org
bradyb@arl.army.mil,jorton@redhat.com
jorton@redhat.com,jens.schleusener@t-systems.com
mss@apache.org,jens.schleusener@t-systems.com
web-nagoya.apache.org@jankratochvil.net,michael.teitler@cetelem.fr
jim@apache.org,minfrin@apache.org
slight_@hotmail.com,nd@perlig.de
chrisbolt@gmail.com,minfrin@apache.org
web-nagoya.apache.org@jankratochvil.net,mz@incunabulum.de
mark_round@ipcmedia.com,wrowe@apache.org
web-nagoya.apache.org@jankratochvil.net,mark_round@ipcmedia.com
bradyb@arl.army.mil,mark_round@ipcmedia.com
jorton@redhat.com,nd@perlig.de
nd@perlig.de,mark_round@ipcmedia.com
jorton@redhat.com,jim@apache.org
nd@perlig.de,jens.schleusener@t-systems.com
mz@incunabulum.de,chrisbolt@gmail.com
jim@apache.org,nd@perlig.de
mz@incunabulum.de,nd@perlig.de
minfrin@apache.org,wrowe@apache.org
bradyb@arl.army.mil,web-nagoya.apache.org@jankratochvil.net
web-nagoya.apache.org@jankratochvil.net,bradyb@arl.army.mil
marcus@fysix.com,minfrin@apache.org
jorton@redhat.com,chrisbolt@gmail.com
mz@incunabulum.de,michael.teitler@cetelem.fr
marcus@fysix.com,jorton@redhat.com
web-nagoya.apache.org@jankratochvil.net,jens.schleusener@t-systems.com
jens.schleusener@t-systems.com,jorton@redhat.com
nd@perlig.de,michael.teitler@cetelem.fr
bradyb@arl.army.mil,jens.schleusener@t-systems.com
jens.schleusener@t-systems.com,michael.teitler@cetelem.fr
mss@apache.org,wrowe@apache.org
jorton@redhat.com,wrowe@apache.org
chrisbolt@gmail.com,michael.teitler@cetelem.fr
marcus@fysix.com,jim@apache.org
mark_round@ipcmedia.com,web-nagoya.apache.org@jankratochvil.net
mark_round@ipcmedia.com,nd@perlig.de
nd@perlig.de,jorton@redhat.com
bradyb@arl.army.mil,nd@perlig.de
mz@incunabulum.de,jim@apache.org
web-nagoya.apache.org@jankratochvil.net,jorton@redhat.com
jorton@redhat.com,minfrin@apache.org
slight_@hotmail.com,web-nagoya.apache.org@jankratochvil.net
nd@perlig.de,bradyb@arl.army.mil
jorton@redhat.com,bradyb@arl.army.mil
nd@perlig.de,minfrin@apache.org
web-nagoya.apache.org@jankratochvil.net,chrisbolt@gmail.com
jorton@redhat.com,michael.teitler@cetelem.fr
mss@apache.org,jim@apache.org
jens.schleusener@t-systems.com,jim@apache.org
mss@apache.org,web-nagoya.apache.org@jankratochvil.net
slight_@hotmail.com,chrisbolt@gmail.com
bradyb@arl.army.mil,wrowe@apache.org
marcus@fysix.com,mark_round@ipcmedia.com
marcus@fysix.com,michael.teitler@cetelem.fr
web-nagoya.apache.org@jankratochvil.net,jim@apache.org
jim@apache.org,chrisbolt@gmail.com
marcus@fysix.com,web-nagoya.apache.org@jankratochvil.net
mss@apache.org,chrisbolt@gmail.com
bradyb@arl.army.mil,chrisbolt@gmail.com
chrisbolt@gmail.com,nd@perlig.de
jens.schleusener@t-systems.com,minfrin@apache.org
mz@incunabulum.de,minfrin@apache.org
mss@apache.org,nd@perlig.de
mss@apache.org,slight_@hotmail.com
mz@incunabulum.de,web-nagoya.apache.org@jankratochvil.net
nd@perlig.de,chrisbolt@gmail.com
slight_@hotmail.com,bradyb@arl.army.mil
mark_round@ipcmedia.com,michael.teitler@cetelem.fr
mark_round@ipcmedia.com,mz@incunabulum.de
web-nagoya.apache.org@jankratochvil.net,nd@perlig.de
mss@apache.org,minfrin@apache.org
jens.schleusener@t-systems.com,web-nagoya.apache.org@jankratochvil.net
slight_@hotmail.com,jens.schleusener@t-systems.com
web-nagoya.apache.org@jankratochvil.net,wrowe@apache.org
slight_@hotmail.com,jorton@redhat.com
mark_round@ipcmedia.com,minfrin@apache.org
mss@apache.org,mz@incunabulum.de
