asfbugzilla@gnosys.biz,bugzilla@ronald.vankuijk.net
mcrawfor@u.washington.edu,smitha.jasti@gmail.com
nico@aw-con.de,powell.hazzard@hp.com
rpluem@apache.org,ms.carmen.alvarez@gmail.com
nico@aw-con.de,smitha.jasti@gmail.com
mcrawfor@u.washington.edu,krzysiek.pawlik@people.pl
bugzilla@ronald.vankuijk.net,peter.wagemans@getronics.com
jorton@redhat.com,powell.hazzard@hp.com
rpluem@apache.org,apache.org@spam.ennes.nl
krzysiek.pawlik@people.pl,wrowe@apache.org
powell.hazzard@hp.com,rpluem@apache.org
gunchev@gmail.com,peter.wagemans@getronics.com
powell.hazzard@hp.com,peter.wagemans@getronics.com
jorton@redhat.com,tlhackque@yahoo.com
apache.org@spam.ennes.nl,smitha.jasti@gmail.com
rocketraman@fastmail.fm,mbertheau@gmail.com
tlhackque@yahoo.com,rocketraman@fastmail.fm
wrowe@apache.org,peter.wagemans@getronics.com
rpluem@apache.org,bugzilla@ronald.vankuijk.net
ryan.slominski@gmail.com,gunchev@gmail.com
asfbugzilla@gnosys.biz,peter.wagemans@getronics.com
bugzilla@ronald.vankuijk.net,smitha.jasti@gmail.com
rpluem@apache.org,wrowe@apache.org
krzysiek.pawlik@people.pl,smitha.jasti@gmail.com
tlhackque@yahoo.com,rpluem@apache.org
ryan.slominski@gmail.com,wrowe@apache.org
nico@aw-con.de,jorton@redhat.com
jorton@redhat.com,mbertheau@gmail.com
rocketraman@fastmail.fm,smitha.jasti@gmail.com
bugzilla@ronald.vankuijk.net,nico@aw-con.de
ms.carmen.alvarez@gmail.com,nico@aw-con.de
bugzilla@ronald.vankuijk.net,mcrawfor@u.washington.edu
krzysiek.pawlik@people.pl,powell.hazzard@hp.com
mcrawfor@u.washington.edu,jorton@redhat.com
peter.wagemans@getronics.com,asfbugzilla@gnosys.biz
rocketraman@fastmail.fm,jorton@redhat.com
ms.carmen.alvarez@gmail.com,gunchev@gmail.com
ryan.slominski@gmail.com,krzysiek.pawlik@people.pl
mcrawfor@u.washington.edu,gunchev@gmail.com
smitha.jasti@gmail.com,rpluem@apache.org
krzysiek.pawlik@people.pl,rpluem@apache.org
rpluem@apache.org,gunchev@gmail.com
rpluem@apache.org,rocketraman@fastmail.fm
rpluem@apache.org,powell.hazzard@hp.com
mcrawfor@u.washington.edu,rocketraman@fastmail.fm
nico@aw-con.de,wrowe@apache.org
peter.wagemans@getronics.com,jorton@redhat.com
jorton@redhat.com,bugzilla@ronald.vankuijk.net
krzysiek.pawlik@people.pl,mbertheau@gmail.com
peter.wagemans@getronics.com,rocketraman@fastmail.fm
bugzilla@ronald.vankuijk.net,rpluem@apache.org
peter.wagemans@getronics.com,tlhackque@yahoo.com
ryan.slominski@gmail.com,powell.hazzard@hp.com
nico@aw-con.de,peter.wagemans@getronics.com
krzysiek.pawlik@people.pl,gunchev@gmail.com
peter.wagemans@getronics.com,mcrawfor@u.washington.edu
ms.carmen.alvarez@gmail.com,wrowe@apache.org
mcrawfor@u.washington.edu,powell.hazzard@hp.com
ryan.slominski@gmail.com,mcrawfor@u.washington.edu
nico@aw-con.de,rocketraman@fastmail.fm
asfbugzilla@gnosys.biz,wrowe@apache.org
asfbugzilla@gnosys.biz,gunchev@gmail.com
rocketraman@fastmail.fm,gunchev@gmail.com
powell.hazzard@hp.com,mbertheau@gmail.com
peter.wagemans@getronics.com,bugzilla@ronald.vankuijk.net
mbertheau@gmail.com,rpluem@apache.org
peter.wagemans@getronics.com,mbertheau@gmail.com
ryan.slominski@gmail.com,bugzilla@ronald.vankuijk.net
jorton@redhat.com,peter.wagemans@getronics.com
ryan.slominski@gmail.com,smitha.jasti@gmail.com
wrowe@apache.org,jorton@redhat.com
apache.org@spam.ennes.nl,rpluem@apache.org
ryan.slominski@gmail.com,asfbugzilla@gnosys.biz
rpluem@apache.org,mbertheau@gmail.com
tlhackque@yahoo.com,wrowe@apache.org
apache.org@spam.ennes.nl,nico@aw-con.de
mcrawfor@u.washington.edu,mbertheau@gmail.com
tlhackque@yahoo.com,asfbugzilla@gnosys.biz
ryan.slominski@gmail.com,nico@aw-con.de
jorton@redhat.com,krzysiek.pawlik@people.pl
peter.wagemans@getronics.com,smitha.jasti@gmail.com
asfbugzilla@gnosys.biz,powell.hazzard@hp.com
rpluem@apache.org,tlhackque@yahoo.com
peter.wagemans@getronics.com,wrowe@apache.org
apache.org@spam.ennes.nl,rocketraman@fastmail.fm
gunchev@gmail.com,jorton@redhat.com
apache.org@spam.ennes.nl,krzysiek.pawlik@people.pl
jorton@redhat.com,wrowe@apache.org
tlhackque@yahoo.com,jorton@redhat.com
powell.hazzard@hp.com,gunchev@gmail.com
bugzilla@ronald.vankuijk.net,gunchev@gmail.com
bugzilla@ronald.vankuijk.net,rocketraman@fastmail.fm
bugzilla@ronald.vankuijk.net,wrowe@apache.org
ms.carmen.alvarez@gmail.com,rpluem@apache.org
krzysiek.pawlik@people.pl,asfbugzilla@gnosys.biz
smitha.jasti@gmail.com,gunchev@gmail.com
nico@aw-con.de,mbertheau@gmail.com
tlhackque@yahoo.com,powell.hazzard@hp.com
tlhackque@yahoo.com,mcrawfor@u.washington.edu
ryan.slominski@gmail.com,rocketraman@fastmail.fm
nico@aw-con.de,rpluem@apache.org
nico@aw-con.de,asfbugzilla@gnosys.biz
apache.org@spam.ennes.nl,wrowe@apache.org
bugzilla@ronald.vankuijk.net,powell.hazzard@hp.com
ms.carmen.alvarez@gmail.com,powell.hazzard@hp.com
wrowe@apache.org,rpluem@apache.org
ms.carmen.alvarez@gmail.com,mbertheau@gmail.com
ms.carmen.alvarez@gmail.com,rocketraman@fastmail.fm
mcrawfor@u.washington.edu,asfbugzilla@gnosys.biz
asfbugzilla@gnosys.biz,smitha.jasti@gmail.com
mcrawfor@u.washington.edu,rpluem@apache.org
apache.org@spam.ennes.nl,tlhackque@yahoo.com
ms.carmen.alvarez@gmail.com,tlhackque@yahoo.com
apache.org@spam.ennes.nl,mcrawfor@u.washington.edu
apache.org@spam.ennes.nl,mbertheau@gmail.com
rocketraman@fastmail.fm,rpluem@apache.org
rocketraman@fastmail.fm,powell.hazzard@hp.com
asfbugzilla@gnosys.biz,mbertheau@gmail.com
smitha.jasti@gmail.com,powell.hazzard@hp.com
rocketraman@fastmail.fm,bugzilla@ronald.vankuijk.net
peter.wagemans@getronics.com,rpluem@apache.org
ms.carmen.alvarez@gmail.com,bugzilla@ronald.vankuijk.net
rpluem@apache.org,asfbugzilla@gnosys.biz
tlhackque@yahoo.com,krzysiek.pawlik@people.pl
asfbugzilla@gnosys.biz,rpluem@apache.org
bugzilla@ronald.vankuijk.net,mbertheau@gmail.com
apache.org@spam.ennes.nl,gunchev@gmail.com
mcrawfor@u.washington.edu,bugzilla@ronald.vankuijk.net
krzysiek.pawlik@people.pl,rocketraman@fastmail.fm
jorton@redhat.com,rocketraman@fastmail.fm
apache.org@spam.ennes.nl,peter.wagemans@getronics.com
mcrawfor@u.washington.edu,wrowe@apache.org
krzysiek.pawlik@people.pl,jorton@redhat.com
tlhackque@yahoo.com,bugzilla@ronald.vankuijk.net
ms.carmen.alvarez@gmail.com,jorton@redhat.com
gunchev@gmail.com,wrowe@apache.org
peter.wagemans@getronics.com,powell.hazzard@hp.com
ms.carmen.alvarez@gmail.com,peter.wagemans@getronics.com
tlhackque@yahoo.com,smitha.jasti@gmail.com
nico@aw-con.de,bugzilla@ronald.vankuijk.net
rpluem@apache.org,mcrawfor@u.washington.edu
gunchev@gmail.com,rpluem@apache.org
ms.carmen.alvarez@gmail.com,krzysiek.pawlik@people.pl
jorton@redhat.com,mcrawfor@u.washington.edu
apache.org@spam.ennes.nl,powell.hazzard@hp.com
jorton@redhat.com,gunchev@gmail.com
mcrawfor@u.washington.edu,nico@aw-con.de
apache.org@spam.ennes.nl,ms.carmen.alvarez@gmail.com
gunchev@gmail.com,powell.hazzard@hp.com
rpluem@apache.org,jorton@redhat.com
smitha.jasti@gmail.com,wrowe@apache.org
smitha.jasti@gmail.com,mbertheau@gmail.com
gunchev@gmail.com,mbertheau@gmail.com
jorton@redhat.com,nico@aw-con.de
bugzilla@ronald.vankuijk.net,asfbugzilla@gnosys.biz
rocketraman@fastmail.fm,asfbugzilla@gnosys.biz
smitha.jasti@gmail.com,peter.wagemans@getronics.com
apache.org@spam.ennes.nl,bugzilla@ronald.vankuijk.net
rocketraman@fastmail.fm,peter.wagemans@getronics.com
wrowe@apache.org,powell.hazzard@hp.com
krzysiek.pawlik@people.pl,peter.wagemans@getronics.com
tlhackque@yahoo.com,peter.wagemans@getronics.com
rocketraman@fastmail.fm,wrowe@apache.org
rpluem@apache.org,nico@aw-con.de
apache.org@spam.ennes.nl,jorton@redhat.com
jorton@redhat.com,asfbugzilla@gnosys.biz
jorton@redhat.com,smitha.jasti@gmail.com
ryan.slominski@gmail.com,mbertheau@gmail.com
nico@aw-con.de,gunchev@gmail.com
ryan.slominski@gmail.com,ms.carmen.alvarez@gmail.com
smitha.jasti@gmail.com,jorton@redhat.com
ryan.slominski@gmail.com,rpluem@apache.org
ryan.slominski@gmail.com,jorton@redhat.com
ms.carmen.alvarez@gmail.com,smitha.jasti@gmail.com
peter.wagemans@getronics.com,gunchev@gmail.com
tlhackque@yahoo.com,gunchev@gmail.com
nico@aw-con.de,krzysiek.pawlik@people.pl
wrowe@apache.org,gunchev@gmail.com
bugzilla@ronald.vankuijk.net,krzysiek.pawlik@people.pl
krzysiek.pawlik@people.pl,bugzilla@ronald.vankuijk.net
tlhackque@yahoo.com,mbertheau@gmail.com
ms.carmen.alvarez@gmail.com,mcrawfor@u.washington.edu
powell.hazzard@hp.com,jorton@redhat.com
peter.wagemans@getronics.com,krzysiek.pawlik@people.pl
rpluem@apache.org,krzysiek.pawlik@people.pl
asfbugzilla@gnosys.biz,jorton@redhat.com
ms.carmen.alvarez@gmail.com,asfbugzilla@gnosys.biz
bugzilla@ronald.vankuijk.net,jorton@redhat.com
ryan.slominski@gmail.com,tlhackque@yahoo.com
tlhackque@yahoo.com,nico@aw-con.de
rpluem@apache.org,smitha.jasti@gmail.com
apache.org@spam.ennes.nl,asfbugzilla@gnosys.biz
wrowe@apache.org,mbertheau@gmail.com
rpluem@apache.org,peter.wagemans@getronics.com
mcrawfor@u.washington.edu,peter.wagemans@getronics.com
peter.wagemans@getronics.com,nico@aw-con.de
ryan.slominski@gmail.com,apache.org@spam.ennes.nl
jorton@redhat.com,rpluem@apache.org
ryan.slominski@gmail.com,peter.wagemans@getronics.com
