nick@webthing.com,baptiste.desprez@polytechnique.fr
asg1290@yahoo.com,lswick@spikesource.com
lswick@spikesource.com,jumper99@gmx.de
rpluem@apache.org,peter.schlaf@web.de
asg1290@yahoo.com,baptiste.desprez@polytechnique.fr
rpluem@apache.org,baptiste.desprez@polytechnique.fr
asg1290@yahoo.com,marco.casavecchia@comune.ancona.it
rpluem@apache.org,asg1290@yahoo.com
lswick@spikesource.com,baptiste.desprez@polytechnique.fr
asg1290@yahoo.com,peter.schlaf@web.de
jumper99@gmx.de,rpluem@apache.org
lswick@spikesource.com,peter.schlaf@web.de
rpluem@apache.org,nick@webthing.com
asg1290@yahoo.com,nick@webthing.com
lswick@spikesource.com,rpluem@apache.org
peter.schlaf@web.de,rpluem@apache.org
baptiste.desprez@polytechnique.fr,peter.schlaf@web.de
marco.casavecchia@comune.ancona.it,peter.schlaf@web.de
marco.casavecchia@comune.ancona.it,jumper99@gmx.de
nick@webthing.com,jumper99@gmx.de
baptiste.desprez@polytechnique.fr,jumper99@gmx.de
nick@webthing.com,marco.casavecchia@comune.ancona.it
nick@webthing.com,peter.schlaf@web.de
rpluem@apache.org,lswick@spikesource.com
marco.casavecchia@comune.ancona.it,rpluem@apache.org
rpluem@apache.org,marco.casavecchia@comune.ancona.it
nick@webthing.com,rpluem@apache.org
jumper99@gmx.de,peter.schlaf@web.de
nick@webthing.com,lswick@spikesource.com
rpluem@apache.org,jumper99@gmx.de
baptiste.desprez@polytechnique.fr,rpluem@apache.org
asg1290@yahoo.com,rpluem@apache.org
lswick@spikesource.com,marco.casavecchia@comune.ancona.it
marco.casavecchia@comune.ancona.it,baptiste.desprez@polytechnique.fr
asg1290@yahoo.com,jumper99@gmx.de
