nd@perlig.de,slive@apache.org
heller@deepsoft.com,ian@penguinhosting.net
heller@deepsoft.com,hans@vankilsdonk.nl
floeff@arcor.de,ian@penguinhosting.net
slive@apache.org,floeff@arcor.de
slive@apache.org,ian@penguinhosting.net
floeff@arcor.de,heller@deepsoft.com
jorton@redhat.com,heller@deepsoft.com
jorton@redhat.com,hans@vankilsdonk.nl
floeff@arcor.de,nd@perlig.de
hans@vankilsdonk.nl,slive@apache.org
nd@perlig.de,hans@vankilsdonk.nl
slive@apache.org,nd@perlig.de
jorton@redhat.com,nd@perlig.de
floeff@arcor.de,hans@vankilsdonk.nl
heller@deepsoft.com,floeff@arcor.de
slive@apache.org,heller@deepsoft.com
slive@apache.org,hans@vankilsdonk.nl
jorton@redhat.com,floeff@arcor.de
heller@deepsoft.com,nd@perlig.de
jorton@redhat.com,slive@apache.org
jorton@redhat.com,ian@penguinhosting.net
nd@perlig.de,floeff@arcor.de
floeff@arcor.de,jorton@redhat.com
floeff@arcor.de,slive@apache.org
hans@vankilsdonk.nl,ian@penguinhosting.net
nd@perlig.de,ian@penguinhosting.net
heller@deepsoft.com,slive@apache.org
