noodl@apache.org,chip@force-elite.com
noodl@apache.org,lxhankins002@fastmail.fm
tony@pc-tony.com,lxhankins002@fastmail.fm
noodl@apache.org,floeff@arcor.de
floeff@arcor.de,noodl@apache.org
lxhankins002@fastmail.fm,chip@force-elite.com
tony@pc-tony.com,floeff@arcor.de
chip@force-elite.com,floeff@arcor.de
floeff@arcor.de,lxhankins002@fastmail.fm
tony@pc-tony.com,noodl@apache.org
lxhankins002@fastmail.fm,floeff@arcor.de
tony@pc-tony.com,chip@force-elite.com
floeff@arcor.de,tony@pc-tony.com
chip@force-elite.com,lxhankins002@fastmail.fm
floeff@arcor.de,chip@force-elite.com
