jim@apache.org,slive@apache.org
rpluem@apache.org,jfclere@gmail.com
jorton@redhat.com,jfclere@gmail.com
rpluem@apache.org,jim@apache.org
jim@apache.org,jfclere@gmail.com
jorton@redhat.com,trawick@apache.org
slive@apache.org,chris.conti@xcellenet.com
jfclere@gmail.com,slive@apache.org
jorton@redhat.com,jim@apache.org
jfclere@gmail.com,trawick@apache.org
rpluem@apache.org,trawick@apache.org
chris.conti@xcellenet.com,slive@apache.org
rpluem@apache.org,jorton@redhat.com
jfclere@gmail.com,chris.conti@xcellenet.com
jorton@redhat.com,slive@apache.org
chris.conti@xcellenet.com,trawick@apache.org
jorton@redhat.com,chris.conti@xcellenet.com
jim@apache.org,rpluem@apache.org
jim@apache.org,jorton@redhat.com
trawick@apache.org,slive@apache.org
rpluem@apache.org,chris.conti@xcellenet.com
rpluem@apache.org,slive@apache.org
jfclere@gmail.com,jorton@redhat.com
trawick@apache.org,chris.conti@xcellenet.com
jfclere@gmail.com,rpluem@apache.org
jim@apache.org,trawick@apache.org
jorton@redhat.com,rpluem@apache.org
jim@apache.org,chris.conti@xcellenet.com
