jorton@redhat.com,trawick@apache.org
covener@gmail.com,rpluem@apache.org
nick@webthing.com,stuart@terminus.co.uk
stuart@terminus.co.uk,jonah@jonah.com
jorton@redhat.com,covener@gmail.com
covener@gmail.com,nick@webthing.com
covener@gmail.com,jonah@jonah.com
jorton@redhat.com,jonah@jonah.com
jorton@redhat.com,stuart@terminus.co.uk
trawick@apache.org,jonah@jonah.com
trawick@apache.org,stuart@terminus.co.uk
jorton@redhat.com,nick@webthing.com
stuart@terminus.co.uk,jtharp@esri.com
covener@gmail.com,jtharp@esri.com
trawick@apache.org,jorton@redhat.com
covener@gmail.com,stuart@terminus.co.uk
rpluem@apache.org,jtharp@esri.com
trawick@apache.org,nick@webthing.com
jtharp@esri.com,rpluem@apache.org
stuart@terminus.co.uk,nick@webthing.com
jonah@jonah.com,jtharp@esri.com
jorton@redhat.com,jtharp@esri.com
nick@webthing.com,jonah@jonah.com
nick@webthing.com,rpluem@apache.org
covener@gmail.com,jorton@redhat.com
jonah@jonah.com,rpluem@apache.org
stuart@terminus.co.uk,rpluem@apache.org
jtharp@esri.com,stuart@terminus.co.uk
stuart@terminus.co.uk,jorton@redhat.com
trawick@apache.org,rpluem@apache.org
trawick@apache.org,jtharp@esri.com
trawick@apache.org,covener@gmail.com
nick@webthing.com,jtharp@esri.com
jtharp@esri.com,jonah@jonah.com
jorton@redhat.com,rpluem@apache.org
