davi@apache.org,ianh@apache.org
dramalho@blackorange.pt,berrywizard@mechanicalfrog.com
nico.haase@gmx.de,ck@atlantix-net.de
davi@apache.org,cp_coder_2006@yahoo.com
nick@webthing.com,ck@atlantix-net.de
berrywizard@mechanicalfrog.com,ianh@apache.org
nico.haase@gmx.de,berrywizard@mechanicalfrog.com
nick@webthing.com,cp_coder_2006@yahoo.com
nico.haase@gmx.de,tjcw@us.ibm.com
davi@apache.org,tjcw@us.ibm.com
tjcw@us.ibm.com,berrywizard@mechanicalfrog.com
nick@webthing.com,tjcw@us.ibm.com
dramalho@blackorange.pt,ianh@apache.org
berrywizard@mechanicalfrog.com,tjcw@us.ibm.com
nick@webthing.com,davi@apache.org
davi@apache.org,dramalho@blackorange.pt
davi@apache.org,ck@atlantix-net.de
dramalho@blackorange.pt,tjcw@us.ibm.com
cp_coder_2006@yahoo.com,tjcw@us.ibm.com
cp_coder_2006@yahoo.com,ck@atlantix-net.de
ianh@apache.org,tjcw@us.ibm.com
cp_coder_2006@yahoo.com,berrywizard@mechanicalfrog.com
cp_coder_2006@yahoo.com,ianh@apache.org
ck@atlantix-net.de,dramalho@blackorange.pt
nick@webthing.com,ianh@apache.org
nick@webthing.com,berrywizard@mechanicalfrog.com
ianh@apache.org,berrywizard@mechanicalfrog.com
ck@atlantix-net.de,tjcw@us.ibm.com
tjcw@us.ibm.com,ianh@apache.org
nico.haase@gmx.de,ianh@apache.org
ck@atlantix-net.de,berrywizard@mechanicalfrog.com
cp_coder_2006@yahoo.com,dramalho@blackorange.pt
nico.haase@gmx.de,dramalho@blackorange.pt
davi@apache.org,nico.haase@gmx.de
cp_coder_2006@yahoo.com,nico.haase@gmx.de
davi@apache.org,berrywizard@mechanicalfrog.com
tjcw@us.ibm.com,dramalho@blackorange.pt
nick@webthing.com,dramalho@blackorange.pt
nick@webthing.com,nico.haase@gmx.de
ck@atlantix-net.de,ianh@apache.org
