software+apache-httpd@kd6lvw.ampr.org,minfrin@sharp.fm
xanco@nikhok.hu,jorton@redhat.com
sf@sfritsch.de,pgollucci@apache.org
dan@listening-station.net,jathan@gmail.com
apache@sashi.de,torsten.reschke@gehe.de
jathan@gmail.com,asm@uezku.kemsu.ru
pgollucci@apache.org,jorton@redhat.com
sf@sfritsch.de,jorton@redhat.com
jathan@gmail.com,torsten.reschke@gehe.de
dan@listening-station.net,exposed@topcat.kled.org
richard-apache@musicbox.net,asm@uezku.kemsu.ru
jorton@redhat.com,richard-apache@musicbox.net
sf@sfritsch.de,software+apache-httpd@kd6lvw.ampr.org
jorton@redhat.com,exposed@topcat.kled.org
nick@webthing.com,jathan@gmail.com
richard-apache@musicbox.net,pgollucci@apache.org
torsten.reschke@gehe.de,minfrin@sharp.fm
richard-apache@musicbox.net,dan@listening-station.net
minfrin@sharp.fm,richard-apache@musicbox.net
jorton@redhat.com,minfrin@sharp.fm
software+apache-httpd@kd6lvw.ampr.org,jorton@redhat.com
sf@sfritsch.de,exposed@topcat.kled.org
jathan@gmail.com,richard-apache@musicbox.net
xanco@nikhok.hu,exposed@topcat.kled.org
sf@sfritsch.de,jathan@gmail.com
pgollucci@apache.org,asm@uezku.kemsu.ru
dan@listening-station.net,torsten.reschke@gehe.de
software+apache-httpd@kd6lvw.ampr.org,apache@sashi.de
dan@listening-station.net,minfrin@sharp.fm
sf@sfritsch.de,asm@uezku.kemsu.ru
torsten.reschke@gehe.de,exposed@topcat.kled.org
jathan@gmail.com,xanco@nikhok.hu
xanco@nikhok.hu,minfrin@sharp.fm
richard-apache@musicbox.net,apache@sashi.de
richard-apache@musicbox.net,xanco@nikhok.hu
software+apache-httpd@kd6lvw.ampr.org,asm@uezku.kemsu.ru
software+apache-httpd@kd6lvw.ampr.org,xanco@nikhok.hu
software+apache-httpd@kd6lvw.ampr.org,torsten.reschke@gehe.de
sf@sfritsch.de,xanco@nikhok.hu
jathan@gmail.com,jorton@redhat.com
software+apache-httpd@kd6lvw.ampr.org,nick@webthing.com
richard-apache@musicbox.net,nick@webthing.com
asm@uezku.kemsu.ru,jorton@redhat.com
richard-apache@musicbox.net,torsten.reschke@gehe.de
jorton@redhat.com,apache@sashi.de
dan@listening-station.net,jorton@redhat.com
sf@sfritsch.de,dan@listening-station.net
richard-apache@musicbox.net,jorton@redhat.com
apache@sashi.de,richard-apache@musicbox.net
pgollucci@apache.org,torsten.reschke@gehe.de
software+apache-httpd@kd6lvw.ampr.org,pgollucci@apache.org
xanco@nikhok.hu,torsten.reschke@gehe.de
xanco@nikhok.hu,apache@sashi.de
pgollucci@apache.org,minfrin@sharp.fm
sf@sfritsch.de,apache@sashi.de
asm@uezku.kemsu.ru,apache@sashi.de
exposed@topcat.kled.org,minfrin@sharp.fm
apache@sashi.de,minfrin@sharp.fm
nick@webthing.com,jorton@redhat.com
asm@uezku.kemsu.ru,xanco@nikhok.hu
dan@listening-station.net,pgollucci@apache.org
nick@webthing.com,exposed@topcat.kled.org
software+apache-httpd@kd6lvw.ampr.org,richard-apache@musicbox.net
jathan@gmail.com,apache@sashi.de
torsten.reschke@gehe.de,richard-apache@musicbox.net
sf@sfritsch.de,richard-apache@musicbox.net
software+apache-httpd@kd6lvw.ampr.org,exposed@topcat.kled.org
asm@uezku.kemsu.ru,richard-apache@musicbox.net
richard-apache@musicbox.net,minfrin@sharp.fm
sf@sfritsch.de,nick@webthing.com
dan@listening-station.net,asm@uezku.kemsu.ru
asm@uezku.kemsu.ru,torsten.reschke@gehe.de
richard-apache@musicbox.net,jathan@gmail.com
nick@webthing.com,minfrin@sharp.fm
richard-apache@musicbox.net,exposed@topcat.kled.org
sf@sfritsch.de,minfrin@sharp.fm
pgollucci@apache.org,exposed@topcat.kled.org
apache@sashi.de,exposed@topcat.kled.org
jathan@gmail.com,pgollucci@apache.org
nick@webthing.com,dan@listening-station.net
jathan@gmail.com,exposed@topcat.kled.org
exposed@topcat.kled.org,richard-apache@musicbox.net
nick@webthing.com,asm@uezku.kemsu.ru
jorton@redhat.com,torsten.reschke@gehe.de
nick@webthing.com,richard-apache@musicbox.net
nick@webthing.com,torsten.reschke@gehe.de
nick@webthing.com,apache@sashi.de
software+apache-httpd@kd6lvw.ampr.org,jathan@gmail.com
jathan@gmail.com,minfrin@sharp.fm
nick@webthing.com,xanco@nikhok.hu
dan@listening-station.net,richard-apache@musicbox.net
software+apache-httpd@kd6lvw.ampr.org,dan@listening-station.net
asm@uezku.kemsu.ru,exposed@topcat.kled.org
pgollucci@apache.org,xanco@nikhok.hu
pgollucci@apache.org,richard-apache@musicbox.net
pgollucci@apache.org,apache@sashi.de
xanco@nikhok.hu,richard-apache@musicbox.net
asm@uezku.kemsu.ru,minfrin@sharp.fm
dan@listening-station.net,xanco@nikhok.hu
jathan@gmail.com,dan@listening-station.net
dan@listening-station.net,apache@sashi.de
sf@sfritsch.de,torsten.reschke@gehe.de
nick@webthing.com,pgollucci@apache.org
