andersk@mit.edu,jerome.grandjanny@cea.fr
covener@gmail.com,rpluem@apache.org
sf@sfritsch.de,covener@gmail.com
noodl@apache.org,jerome.grandjanny@cea.fr
sf@sfritsch.de,andersk@mit.edu
sf@sfritsch.de,jerome.grandjanny@cea.fr
sf@sfritsch.de,noodl@apache.org
andersk@mit.edu,rpluem@apache.org
andersk@mit.edu,noodl@apache.org
rpluem@apache.org,andersk@mit.edu
covener@gmail.com,andersk@mit.edu
sf@sfritsch.de,rpluem@apache.org
rpluem@apache.org,jerome.grandjanny@cea.fr
noodl@apache.org,rpluem@apache.org
noodl@apache.org,andersk@mit.edu
covener@gmail.com,noodl@apache.org
covener@gmail.com,jerome.grandjanny@cea.fr
