rich@annexia.org,nick@webthing.com
chip@force-elite.com,dilinger@voxel.net
apache@mailinator.com,chip@force-elite.com
dilinger@voxel.net,ogunden@phauna.org
alan.schmitt@polytechnique.org,rich@annexia.org
ogunden@phauna.org,alan.schmitt@polytechnique.org
pkl@datatech.ru,alan.schmitt@polytechnique.org
ogunden@phauna.org,chip@force-elite.com
dilinger@voxel.net,rich@annexia.org
apache-bugs.20.openmacnews@spamgourmet.com,chip@force-elite.com
jorton@redhat.com,apache-bugs.20.openmacnews@spamgourmet.com
nick@webthing.com,alan.schmitt@polytechnique.org
nd@perlig.de,chip@force-elite.com
nick@webthing.com,rich@annexia.org
pkl@datatech.ru,nick@webthing.com
rich@annexia.org,alan.schmitt@polytechnique.org
apache-bugs.20.openmacnews@spamgourmet.com,nd@perlig.de
pkl@datatech.ru,apache-bugs.20.openmacnews@spamgourmet.com
dilinger@voxel.net,nick@webthing.com
alan.schmitt@polytechnique.org,jorton@redhat.com
jorton@redhat.com,alan.schmitt@polytechnique.org
rich@annexia.org,dilinger@voxel.net
jorton@redhat.com,ogunden@phauna.org
jorton@redhat.com,rich@annexia.org
apache@mailinator.com,rich@annexia.org
chip@force-elite.com,apache-bugs.20.openmacnews@spamgourmet.com
apache-bugs.20.openmacnews@spamgourmet.com,alan.schmitt@polytechnique.org
apache@mailinator.com,alan.schmitt@polytechnique.org
pkl@datatech.ru,jorton@redhat.com
jorton@redhat.com,dilinger@voxel.net
ogunden@phauna.org,dilinger@voxel.net
dilinger@voxel.net,pkl@datatech.ru
chip@force-elite.com,jorton@redhat.com
jorton@redhat.com,nd@perlig.de
apache-bugs.20.openmacnews@spamgourmet.com,nick@webthing.com
nd@perlig.de,nick@webthing.com
jorton@redhat.com,chip@force-elite.com
rich@annexia.org,jorton@redhat.com
ogunden@phauna.org,nick@webthing.com
nick@webthing.com,chip@force-elite.com
pkl@datatech.ru,rich@annexia.org
nd@perlig.de,ogunden@phauna.org
ogunden@phauna.org,jorton@redhat.com
pkl@datatech.ru,nd@perlig.de
ogunden@phauna.org,rich@annexia.org
nd@perlig.de,dilinger@voxel.net
nd@perlig.de,apache-bugs.20.openmacnews@spamgourmet.com
nick@webthing.com,jorton@redhat.com
pkl@datatech.ru,dilinger@voxel.net
alan.schmitt@polytechnique.org,dilinger@voxel.net
nd@perlig.de,alan.schmitt@polytechnique.org
pkl@datatech.ru,ogunden@phauna.org
dilinger@voxel.net,alan.schmitt@polytechnique.org
jorton@redhat.com,apache@mailinator.com
pkl@datatech.ru,apache@mailinator.com
nick@webthing.com,dilinger@voxel.net
nd@perlig.de,jorton@redhat.com
nick@webthing.com,apache-bugs.20.openmacnews@spamgourmet.com
rich@annexia.org,apache-bugs.20.openmacnews@spamgourmet.com
nd@perlig.de,rich@annexia.org
dilinger@voxel.net,nd@perlig.de
apache@mailinator.com,nick@webthing.com
pkl@datatech.ru,chip@force-elite.com
dilinger@voxel.net,jorton@redhat.com
apache@mailinator.com,apache-bugs.20.openmacnews@spamgourmet.com
apache@mailinator.com,nd@perlig.de
jorton@redhat.com,nick@webthing.com
rich@annexia.org,chip@force-elite.com
dilinger@voxel.net,apache@mailinator.com
apache-bugs.20.openmacnews@spamgourmet.com,jorton@redhat.com
apache@mailinator.com,dilinger@voxel.net
ogunden@phauna.org,apache-bugs.20.openmacnews@spamgourmet.com
apache@mailinator.com,ogunden@phauna.org
alan.schmitt@polytechnique.org,chip@force-elite.com
apache-bugs.20.openmacnews@spamgourmet.com,rich@annexia.org
alan.schmitt@polytechnique.org,apache-bugs.20.openmacnews@spamgourmet.com
apache@mailinator.com,jorton@redhat.com
dilinger@voxel.net,chip@force-elite.com
apache-bugs.20.openmacnews@spamgourmet.com,dilinger@voxel.net
dilinger@voxel.net,apache-bugs.20.openmacnews@spamgourmet.com
apache-bugs.20.openmacnews@spamgourmet.com,ogunden@phauna.org
