takashi.asfbugzilla@tks.st,yen.chang@alcatel.com
ben@reser.org,yen.chang@alcatel.com
anurag_gujral@yahoo.com,jorton@redhat.com
ben@reser.org,takashi.asfbugzilla@tks.st
ben@reser.org,rpluem@apache.org
takashi.asfbugzilla@tks.st,rpluem@apache.org
rpluem@apache.org,takashi.asfbugzilla@tks.st
ben@reser.org,anurag_gujral@yahoo.com
rpluem@apache.org,anurag_gujral@yahoo.com
anurag_gujral@yahoo.com,takashi.asfbugzilla@tks.st
takashi.asfbugzilla@tks.st,jorton@redhat.com
anurag_gujral@yahoo.com,rpluem@apache.org
rpluem@apache.org,jorton@redhat.com
ben@reser.org,jorton@redhat.com
jorton@redhat.com,yen.chang@alcatel.com
rpluem@apache.org,yen.chang@alcatel.com
anurag_gujral@yahoo.com,yen.chang@alcatel.com
