jorton@redhat.com,toshiya_kobayashi@sunmoretec.co.jp
rmorgan@pobox.com,jorton@redhat.com
david_arcuri@mgic.com,bnicholes@apache.org
jorton@redhat.com,rmorgan@pobox.com
jorton@redhat.com,chip@force-elite.com
jorton@redhat.com,bnicholes@apache.org
rmorgan@pobox.com,bnicholes@apache.org
toshiya_kobayashi@sunmoretec.co.jp,chip@force-elite.com
rmorgan@pobox.com,david_arcuri@mgic.com
rmorgan@pobox.com,toshiya_kobayashi@sunmoretec.co.jp
toshiya_kobayashi@sunmoretec.co.jp,david_arcuri@mgic.com
jorton@redhat.com,david_arcuri@mgic.com
david_arcuri@mgic.com,chip@force-elite.com
toshiya_kobayashi@sunmoretec.co.jp,bnicholes@apache.org
chip@force-elite.com,david_arcuri@mgic.com
bnicholes@apache.org,david_arcuri@mgic.com
david_arcuri@mgic.com,toshiya_kobayashi@sunmoretec.co.jp
rmorgan@pobox.com,chip@force-elite.com
chip@force-elite.com,bnicholes@apache.org
