nd@perlig.de,slive@apache.org
nd@perlig.de,wrowe@apache.org
davi@apache.org,wrowe@apache.org
julian@mehnle.net,wrowe@apache.org
bruno@wolff.to,slive@apache.org
wrowe@apache.org,slive@apache.org
bruno@wolff.to,nd@perlig.de
slive@apache.org,nd@perlig.de
wrowe@apache.org,nd@perlig.de
julian@mehnle.net,bruno@wolff.to
davi@apache.org,slive@apache.org
davi@apache.org,nd@perlig.de
nd@perlig.de,bruno@wolff.to
davi@apache.org,julian@mehnle.net
slive@apache.org,bruno@wolff.to
davi@apache.org,bruno@wolff.to
julian@mehnle.net,nd@perlig.de
julian@mehnle.net,slive@apache.org
nd@perlig.de,julian@mehnle.net
wrowe@apache.org,bruno@wolff.to
