striker@apache.org,kfogel@collab.net
erik@codefaktor.de,kfogel@collab.net
erik@codefaktor.de,jerenkrantz@apache.org
jerenkrantz@apache.org,erik@codefaktor.de
jpd@indecisive.com,striker@apache.org
jpd@indecisive.com,kfogel@collab.net
jerenkrantz@apache.org,striker@apache.org
jerenkrantz@apache.org,kfogel@collab.net
jpd@indecisive.com,jerenkrantz@apache.org
jerenkrantz@apache.org,jpd@indecisive.com
striker@apache.org,jerenkrantz@apache.org
erik@codefaktor.de,jpd@indecisive.com
erik@codefaktor.de,striker@apache.org
