mail@apexo.de,mjd-apache-bugzilla+@plover.com
ellson@lucent.com,goldt@solidmedia.de
andrewc-apache2bugs2004@piffle.org,chip@force-elite.com
nick@webthing.com,bodewig@apache.org
james@jmarshall.com,mjd-apache-bugzilla+@plover.com
lstein@cshl.edu,ellson@lucent.com
nick@webthing.com,james@jmarshall.com
andrewc-apache2bugs2004@piffle.org,goldt@solidmedia.de
mail@apexo.de,ellson@lucent.com
nick@webthing.com,trawick@apache.org
nick@webthing.com,mjd-apache-bugzilla+@plover.com
james@jmarshall.com,goldt@solidmedia.de
andrewc-apache2bugs2004@piffle.org,mail@apexo.de
lstein@cshl.edu,mjd-apache-bugzilla+@plover.com
bodewig@apache.org,ellson@lucent.com
andrewc-apache2bugs2004@piffle.org,trawick@apache.org
trawick@apache.org,goldt@solidmedia.de
lstein@cshl.edu,chip@force-elite.com
bodewig@apache.org,mjd-apache-bugzilla+@plover.com
mail@apexo.de,chip@force-elite.com
mail@apexo.de,trawick@apache.org
mjd-apache-bugzilla+@plover.com,ellson@lucent.com
mail@apexo.de,bodewig@apache.org
chip@force-elite.com,goldt@solidmedia.de
lstein@cshl.edu,bodewig@apache.org
nick@webthing.com,andrewc-apache2bugs2004@piffle.org
chip@force-elite.com,ellson@lucent.com
nick@webthing.com,mail@apexo.de
andrewc-apache2bugs2004@piffle.org,mjd-apache-bugzilla+@plover.com
trawick@apache.org,mjd-apache-bugzilla+@plover.com
chip@force-elite.com,mjd-apache-bugzilla+@plover.com
james@jmarshall.com,mail@apexo.de
lstein@cshl.edu,trawick@apache.org
lstein@cshl.edu,james@jmarshall.com
andrewc-apache2bugs2004@piffle.org,bodewig@apache.org
james@jmarshall.com,ellson@lucent.com
nick@webthing.com,ellson@lucent.com
james@jmarshall.com,chip@force-elite.com
lstein@cshl.edu,andrewc-apache2bugs2004@piffle.org
chip@force-elite.com,bodewig@apache.org
mail@apexo.de,andrewc-apache2bugs2004@piffle.org
nick@webthing.com,goldt@solidmedia.de
lstein@cshl.edu,nick@webthing.com
mjd-apache-bugzilla+@plover.com,goldt@solidmedia.de
mail@apexo.de,goldt@solidmedia.de
chip@force-elite.com,mail@apexo.de
chip@force-elite.com,trawick@apache.org
nick@webthing.com,lstein@cshl.edu
andrewc-apache2bugs2004@piffle.org,ellson@lucent.com
lstein@cshl.edu,goldt@solidmedia.de
lstein@cshl.edu,mail@apexo.de
james@jmarshall.com,nick@webthing.com
chip@force-elite.com,andrewc-apache2bugs2004@piffle.org
james@jmarshall.com,trawick@apache.org
trawick@apache.org,bodewig@apache.org
bodewig@apache.org,goldt@solidmedia.de
trawick@apache.org,ellson@lucent.com
nick@webthing.com,chip@force-elite.com
james@jmarshall.com,bodewig@apache.org
james@jmarshall.com,andrewc-apache2bugs2004@piffle.org
