kn@sifira.dk,cvig@raw-io.com
coad@measurement-factory.com,kn@sifira.dk
nick@webthing.com,trawick@apache.org
jorton@redhat.com,web-nagoya.apache.org@jankratochvil.net
coad@measurement-factory.com,web-nagoya.apache.org@jankratochvil.net
nick@webthing.com,kn@sifira.dk
jorton@redhat.com,minfrin@sharp.fm
trawick@apache.org,minfrin@sharp.fm
trawick@apache.org,cvig@raw-io.com
nick@webthing.com,cvig@raw-io.com
cvig@raw-io.com,coad@measurement-factory.com
jorton@redhat.com,trawick@apache.org
coad@measurement-factory.com,nick@webthing.com
web-nagoya.apache.org@jankratochvil.net,cvig@raw-io.com
web-nagoya.apache.org@jankratochvil.net,kn@sifira.dk
trawick@apache.org,kn@sifira.dk
kn@sifira.dk,minfrin@sharp.fm
coad@measurement-factory.com,cvig@raw-io.com
kn@sifira.dk,coad@measurement-factory.com
nick@webthing.com,web-nagoya.apache.org@jankratochvil.net
web-nagoya.apache.org@jankratochvil.net,trawick@apache.org
web-nagoya.apache.org@jankratochvil.net,coad@measurement-factory.com
trawick@apache.org,coad@measurement-factory.com
jorton@redhat.com,coad@measurement-factory.com
nick@webthing.com,jorton@redhat.com
jorton@redhat.com,kn@sifira.dk
trawick@apache.org,nick@webthing.com
web-nagoya.apache.org@jankratochvil.net,jorton@redhat.com
cvig@raw-io.com,minfrin@sharp.fm
trawick@apache.org,web-nagoya.apache.org@jankratochvil.net
nick@webthing.com,coad@measurement-factory.com
nick@webthing.com,minfrin@sharp.fm
coad@measurement-factory.com,trawick@apache.org
jorton@redhat.com,cvig@raw-io.com
jorton@redhat.com,nick@webthing.com
kn@sifira.dk,nick@webthing.com
web-nagoya.apache.org@jankratochvil.net,nick@webthing.com
coad@measurement-factory.com,minfrin@sharp.fm
minfrin@sharp.fm,coad@measurement-factory.com
web-nagoya.apache.org@jankratochvil.net,minfrin@sharp.fm
