trawick@apache.org,jrhett@netconsonance.com
jorton@redhat.com,trawick@apache.org
nick@webthing.com,ceri@submonkey.net
jrhett@netconsonance.com,ceri@submonkey.net
jrhett@netconsonance.com,stephane.quero@prod.steria.fr
markus-apache@anthill.de,jorton@redhat.com
jrhett@netconsonance.com,rpluem@apache.org
rpluem@apache.org,trawick@apache.org
jrhett@netconsonance.com,nick@webthing.com
jorton@redhat.com,markus-apache@anthill.de
stephane.quero@prod.steria.fr,jorton@redhat.com
nick@webthing.com,stephane.quero@prod.steria.fr
jorton@redhat.com,jrhett@netconsonance.com
ceri@submonkey.net,trawick@apache.org
trawick@apache.org,jorton@redhat.com
markus-apache@anthill.de,stephane.quero@prod.steria.fr
jrhett@netconsonance.com,markus-apache@anthill.de
ceri@submonkey.net,jorton@redhat.com
nick@webthing.com,trawick@apache.org
jrhett@netconsonance.com,jorton@redhat.com
ceri@submonkey.net,nick@webthing.com
jorton@redhat.com,stephane.quero@prod.steria.fr
ceri@submonkey.net,markus-apache@anthill.de
rpluem@apache.org,stephane.quero@prod.steria.fr
jrhett@netconsonance.com,trawick@apache.org
trawick@apache.org,markus-apache@anthill.de
nick@webthing.com,jrhett@netconsonance.com
ceri@submonkey.net,rpluem@apache.org
rpluem@apache.org,markus-apache@anthill.de
rpluem@apache.org,jorton@redhat.com
nick@webthing.com,rpluem@apache.org
ceri@submonkey.net,stephane.quero@prod.steria.fr
trawick@apache.org,rpluem@apache.org
nick@webthing.com,jorton@redhat.com
trawick@apache.org,stephane.quero@prod.steria.fr
nick@webthing.com,markus-apache@anthill.de
rpluem@apache.org,ceri@submonkey.net
ceri@submonkey.net,jrhett@netconsonance.com
jorton@redhat.com,rpluem@apache.org
rpluem@apache.org,jrhett@netconsonance.com
