covener@gmail.com,jani-matti.hatinen@iki.fi
lars@apache.org,poirier@pobox.com
jani-matti.hatinen@iki.fi,kaare@nightcall.dk
covener@gmail.com,poirier@pobox.com
lars@apache.org,kaare@nightcall.dk
jani-matti.hatinen@iki.fi,thadig@gmail.com
zhangweiwu@realss.com,rpluem@apache.org
lars@apache.org,nick@webthing.com
poirier@pobox.com,nd@perlig.de
nick@webthing.com,slive@apache.org
covener@gmail.com,rpluem@apache.org
nick@webthing.com,nd@perlig.de
lars@apache.org,nd@perlig.de
poirier@pobox.com,lars@apache.org
slive@apache.org,nd@perlig.de
slive@apache.org,kaare@nightcall.dk
jorton@redhat.com,covener@gmail.com
nick@webthing.com,jani-matti.hatinen@iki.fi
zhangweiwu@realss.com,slive@apache.org
covener@gmail.com,nick@webthing.com
slive@apache.org,thadig@gmail.com
zhangweiwu@realss.com,nd@perlig.de
rpluem@apache.org,kaare@nightcall.dk
jorton@redhat.com,poirier@pobox.com
rpluem@apache.org,poirier@pobox.com
rpluem@apache.org,nick@webthing.com
poirier@pobox.com,nick@webthing.com
jani-matti.hatinen@iki.fi,nd@perlig.de
jorton@redhat.com,nick@webthing.com
jorton@redhat.com,thadig@gmail.com
zhangweiwu@realss.com,jorton@redhat.com
jorton@redhat.com,kaare@nightcall.dk
lars@apache.org,thadig@gmail.com
zhangweiwu@realss.com,lars@apache.org
zhangweiwu@realss.com,nick@webthing.com
jorton@redhat.com,slive@apache.org
rpluem@apache.org,thadig@gmail.com
kaare@nightcall.dk,thadig@gmail.com
poirier@pobox.com,kaare@nightcall.dk
zhangweiwu@realss.com,poirier@pobox.com
rpluem@apache.org,zhangweiwu@realss.com
poirier@pobox.com,zhangweiwu@realss.com
zhangweiwu@realss.com,covener@gmail.com
poirier@pobox.com,jorton@redhat.com
rpluem@apache.org,jani-matti.hatinen@iki.fi
rpluem@apache.org,nd@perlig.de
covener@gmail.com,lars@apache.org
lars@apache.org,jani-matti.hatinen@iki.fi
jorton@redhat.com,lars@apache.org
rpluem@apache.org,slive@apache.org
nick@webthing.com,kaare@nightcall.dk
slive@apache.org,jani-matti.hatinen@iki.fi
poirier@pobox.com,covener@gmail.com
covener@gmail.com,nd@perlig.de
lars@apache.org,jorton@redhat.com
jorton@redhat.com,nd@perlig.de
poirier@pobox.com,jani-matti.hatinen@iki.fi
rpluem@apache.org,lars@apache.org
nick@webthing.com,thadig@gmail.com
zhangweiwu@realss.com,jani-matti.hatinen@iki.fi
rpluem@apache.org,jorton@redhat.com
zhangweiwu@realss.com,kaare@nightcall.dk
lars@apache.org,zhangweiwu@realss.com
rpluem@apache.org,covener@gmail.com
lars@apache.org,slive@apache.org
nick@webthing.com,poirier@pobox.com
lars@apache.org,covener@gmail.com
covener@gmail.com,jorton@redhat.com
covener@gmail.com,zhangweiwu@realss.com
jorton@redhat.com,jani-matti.hatinen@iki.fi
kaare@nightcall.dk,nd@perlig.de
nick@webthing.com,jorton@redhat.com
nick@webthing.com,zhangweiwu@realss.com
nd@perlig.de,thadig@gmail.com
covener@gmail.com,slive@apache.org
zhangweiwu@realss.com,thadig@gmail.com
jorton@redhat.com,zhangweiwu@realss.com
covener@gmail.com,kaare@nightcall.dk
poirier@pobox.com,rpluem@apache.org
poirier@pobox.com,thadig@gmail.com
poirier@pobox.com,slive@apache.org
covener@gmail.com,thadig@gmail.com
