nick@webthing.com,francois.pesce@gmail.com
wrowe@apache.org,francois.pesce@gmail.com
nick@webthing.com,emmanuel.blot@free.fr
francois.pesce@gmail.com,wrowe@apache.org
sf@sfritsch.de,francois.pesce@gmail.com
sf@sfritsch.de,emmanuel.blot@free.fr
emmanuel.blot@free.fr,francois.pesce@gmail.com
wrowe@apache.org,emmanuel.blot@free.fr
nick@webthing.com,wrowe@apache.org
sf@sfritsch.de,nick@webthing.com
francois.pesce@gmail.com,nick@webthing.com
sf@sfritsch.de,wrowe@apache.org
francois.pesce@gmail.com,emmanuel.blot@free.fr
emmanuel.blot@free.fr,wrowe@apache.org
