pnasrat@googlemail.com,apache@neil.fraser.name
koreth-apache@midwinter.com,nd@perlig.de
nick@webthing.com,nd@perlig.de
jorton@redhat.com,apche_bug@spininhetweb.nl
mkent@magoazul.com,apche_bug@spininhetweb.nl
jorton@redhat.com,gentoo.me@gmail.com
alex@docauer.net,apache@neil.fraser.name
kiza@kcore.de,nd@perlig.de
rpluem@apache.org,kiza@kcore.de
jorton@redhat.com,ianh@apache.org
gentoo.me@gmail.com,apache@neil.fraser.name
apche_bug@spininhetweb.nl,apache@neil.fraser.name
alex@docauer.net,apche_bug@spininhetweb.nl
apche_bug@spininhetweb.nl,gentoo.me@gmail.com
koreth-apache@midwinter.com,ianh@apache.org
alex@docauer.net,koreth-apache@midwinter.com
rpluem@apache.org,alex@docauer.net
mkent@magoazul.com,jorton@redhat.com
stefan@priebe.ws,mkent@magoazul.com
alex@docauer.net,mkent@magoazul.com
pnasrat@googlemail.com,nick@webthing.com
nick@webthing.com,ianh@apache.org
rpluem@apache.org,mkent@magoazul.com
apache@neil.fraser.name,koreth-apache@midwinter.com
mkent@magoazul.com,nd@perlig.de
pnasrat@googlemail.com,alex@docauer.net
mkent@magoazul.com,gentoo.me@gmail.com
kiza@kcore.de,apache@neil.fraser.name
rpluem@apache.org,nick@webthing.com
mkent@magoazul.com,stefan@priebe.ws
nksurvive@126.com,nick@webthing.com
nick@webthing.com,nksurvive@126.com
mkent@magoazul.com,kiza@kcore.de
apche_bug@spininhetweb.nl,stefan@priebe.ws
stefan@priebe.ws,alex@docauer.net
pnasrat@googlemail.com,kiza@kcore.de
stefan@priebe.ws,nd@perlig.de
nd@perlig.de,apache@neil.fraser.name
gentoo.me@gmail.com,koreth-apache@midwinter.com
alex@docauer.net,nksurvive@126.com
mkent@magoazul.com,pnasrat@googlemail.com
nksurvive@126.com,apache@neil.fraser.name
apache@neil.fraser.name,ianh@apache.org
apache@neil.fraser.name,nd@perlig.de
apche_bug@spininhetweb.nl,nksurvive@126.com
kiza@kcore.de,ianh@apache.org
apche_bug@spininhetweb.nl,nick@webthing.com
nd@perlig.de,kiza@kcore.de
nksurvive@126.com,gentoo.me@gmail.com
nick@webthing.com,koreth-apache@midwinter.com
nksurvive@126.com,jorton@redhat.com
nick@webthing.com,apache@neil.fraser.name
pnasrat@googlemail.com,koreth-apache@midwinter.com
pnasrat@googlemail.com,nksurvive@126.com
pnasrat@googlemail.com,gentoo.me@gmail.com
jorton@redhat.com,pnasrat@googlemail.com
stefan@priebe.ws,koreth-apache@midwinter.com
mkent@magoazul.com,alex@docauer.net
stefan@priebe.ws,kiza@kcore.de
jorton@redhat.com,apache@neil.fraser.name
nksurvive@126.com,koreth-apache@midwinter.com
stefan@priebe.ws,jorton@redhat.com
pnasrat@googlemail.com,mkent@magoazul.com
gentoo.me@gmail.com,nd@perlig.de
gentoo.me@gmail.com,kiza@kcore.de
apche_bug@spininhetweb.nl,kiza@kcore.de
alex@docauer.net,jorton@redhat.com
jorton@redhat.com,nd@perlig.de
rpluem@apache.org,nksurvive@126.com
alex@docauer.net,pnasrat@googlemail.com
nd@perlig.de,nick@webthing.com
nksurvive@126.com,ianh@apache.org
ianh@apache.org,nd@perlig.de
nd@perlig.de,ianh@apache.org
jorton@redhat.com,kiza@kcore.de
stefan@priebe.ws,nksurvive@126.com
gentoo.me@gmail.com,jorton@redhat.com
apche_bug@spininhetweb.nl,ianh@apache.org
pnasrat@googlemail.com,ianh@apache.org
stefan@priebe.ws,gentoo.me@gmail.com
rpluem@apache.org,stefan@priebe.ws
pnasrat@googlemail.com,jorton@redhat.com
nick@webthing.com,jorton@redhat.com
nd@perlig.de,koreth-apache@midwinter.com
rpluem@apache.org,jorton@redhat.com
jorton@redhat.com,alex@docauer.net
ianh@apache.org,koreth-apache@midwinter.com
alex@docauer.net,stefan@priebe.ws
alex@docauer.net,ianh@apache.org
rpluem@apache.org,nd@perlig.de
stefan@priebe.ws,ianh@apache.org
apche_bug@spininhetweb.nl,jorton@redhat.com
mkent@magoazul.com,ianh@apache.org
alex@docauer.net,gentoo.me@gmail.com
mkent@magoazul.com,apache@neil.fraser.name
stefan@priebe.ws,nick@webthing.com
kiza@kcore.de,koreth-apache@midwinter.com
nd@perlig.de,jorton@redhat.com
stefan@priebe.ws,apche_bug@spininhetweb.nl
pnasrat@googlemail.com,stefan@priebe.ws
gentoo.me@gmail.com,ianh@apache.org
stefan@priebe.ws,apache@neil.fraser.name
rpluem@apache.org,apache@neil.fraser.name
apche_bug@spininhetweb.nl,koreth-apache@midwinter.com
pnasrat@googlemail.com,nd@perlig.de
jorton@redhat.com,koreth-apache@midwinter.com
mkent@magoazul.com,koreth-apache@midwinter.com
apche_bug@spininhetweb.nl,nd@perlig.de
rpluem@apache.org,apche_bug@spininhetweb.nl
nick@webthing.com,kiza@kcore.de
jorton@redhat.com,nick@webthing.com
mkent@magoazul.com,nick@webthing.com
rpluem@apache.org,koreth-apache@midwinter.com
alex@docauer.net,nick@webthing.com
jorton@redhat.com,stefan@priebe.ws
rpluem@apache.org,pnasrat@googlemail.com
mkent@magoazul.com,nksurvive@126.com
rpluem@apache.org,gentoo.me@gmail.com
pnasrat@googlemail.com,apche_bug@spininhetweb.nl
alex@docauer.net,nd@perlig.de
gentoo.me@gmail.com,nick@webthing.com
nksurvive@126.com,nd@perlig.de
nick@webthing.com,gentoo.me@gmail.com
nd@perlig.de,gentoo.me@gmail.com
jorton@redhat.com,mkent@magoazul.com
jorton@redhat.com,nksurvive@126.com
alex@docauer.net,kiza@kcore.de
nksurvive@126.com,kiza@kcore.de
stefan@priebe.ws,pnasrat@googlemail.com
rpluem@apache.org,ianh@apache.org
