schwoerb@uww.edu,thom@planetarytramp.net
schwoerb@uww.edu,markus.herzog@pixelpark.com
trawick@apache.org,schwoerb@uww.edu
minfrin@sharp.fm,jessh@ptc.com
jessh@ptc.com,schwoerb@uww.edu
markus.herzog@pixelpark.com,thom@planetarytramp.net
minfrin@sharp.fm,markus.herzog@pixelpark.com
trawick@apache.org,thom@planetarytramp.net
schwoerb@uww.edu,trawick@apache.org
jessh@ptc.com,thom@planetarytramp.net
thom@planetarytramp.net,jessh@ptc.com
markus.herzog@pixelpark.com,jessh@ptc.com
thom@planetarytramp.net,schwoerb@uww.edu
trawick@apache.org,jessh@ptc.com
minfrin@sharp.fm,thom@planetarytramp.net
minfrin@sharp.fm,trawick@apache.org
schwoerb@uww.edu,jessh@ptc.com
trawick@apache.org,markus.herzog@pixelpark.com
markus.herzog@pixelpark.com,schwoerb@uww.edu
minfrin@sharp.fm,schwoerb@uww.edu
schwoerb@uww.edu,minfrin@sharp.fm
