rahul.g.nair@gmail.com,jorton@redhat.com
nick@webthing.com,slive@apache.org
rahul.g.nair@gmail.com,slive@apache.org
slive@apache.org,jrm.apache@darktide.net
jrm.apache@darktide.net,slive@apache.org
jorton@redhat.com,nick@webthing.com
rahul.g.nair@gmail.com,jrm.apache@darktide.net
nick@webthing.com,jrm.apache@darktide.net
jorton@redhat.com,slive@apache.org
rahul.g.nair@gmail.com,nick@webthing.com
jrm.apache@darktide.net,nick@webthing.com
nick@webthing.com,rahul.g.nair@gmail.com
jorton@redhat.com,rahul.g.nair@gmail.com
slive@apache.org,nick@webthing.com
jrm.apache@darktide.net,rahul.g.nair@gmail.com
jorton@redhat.com,jrm.apache@darktide.net
nick@webthing.com,jorton@redhat.com
