rederpj@remulak.net,kris.verbeeck@advalvas.be
coad@measurement-factory.com,kris.verbeeck@advalvas.be
rederpj@remulak.net,coad@measurement-factory.com
kris.verbeeck@advalvas.be,mnicel@novell.com
coad@measurement-factory.com,mnicel@novell.com
mnicel@yahoo.com,coad@measurement-factory.com
mnicel@novell.com,coad@measurement-factory.com
kris.verbeeck@advalvas.be,mnicel@yahoo.com
coad@measurement-factory.com,mnicel@yahoo.com
coad@measurement-factory.com,rederpj@remulak.net
rederpj@remulak.net,mnicel@novell.com
kris.verbeeck@advalvas.be,rederpj@remulak.net
mnicel@novell.com,mnicel@yahoo.com
rederpj@remulak.net,mnicel@yahoo.com
mnicel@novell.com,rederpj@remulak.net
kris.verbeeck@advalvas.be,coad@measurement-factory.com
