jorton@redhat.com,eblotml@free.fr
covener@gmail.com,minfrin@apache.org
lmeiners@cybsec.com,minfrin@sharp.fm
trawick@apache.org,eblotml@free.fr
minfrin@sharp.fm,eblotml@free.fr
minfrin@apache.org,eblotml@free.fr
jorton@redhat.com,minfrin@sharp.fm
lmeiners@cybsec.com,trawick@apache.org
eblotml@free.fr,trawick@apache.org
lmeiners@cybsec.com,minfrin@apache.org
jorton@redhat.com,trawick@apache.org
covener@gmail.com,eblotml@free.fr
covener@gmail.com,trawick@apache.org
covener@gmail.com,minfrin@sharp.fm
minfrin@apache.org,trawick@apache.org
minfrin@sharp.fm,trawick@apache.org
lmeiners@cybsec.com,jorton@redhat.com
minfrin@apache.org,jorton@redhat.com
jorton@redhat.com,minfrin@apache.org
covener@gmail.com,lmeiners@cybsec.com
lmeiners@cybsec.com,eblotml@free.fr
minfrin@apache.org,minfrin@sharp.fm
jorton@redhat.com,lmeiners@cybsec.com
covener@gmail.com,jorton@redhat.com
