bojan@rexursive.com,manniwood@planet-save.com
erik@codefaktor.de,srevilak@g88.net
wrowe@apache.org,srevilak@g88.net
nd@perlig.de,jwoolley@apache.org
srevilak@g88.net,manniwood@planet-save.com
erik@codefaktor.de,jim@apache.org
jim@apache.org,wrowe@apache.org
nd@perlig.de,apache_bugzilla@ml.daiba.cx
nd@perlig.de,wrowe@apache.org
rich@annexia.org,nd@perlig.de
erik@codefaktor.de,manniwood@planet-save.com
manniwood@planet-save.com,srevilak@g88.net
rich@annexia.org,jwoolley@apache.org
nd@perlig.de,bojan@rexursive.com
manniwood@planet-save.com,apache_bugzilla@ml.daiba.cx
rich@annexia.org,srevilak@g88.net
jorton@redhat.com,apache_bugzilla@ml.daiba.cx
wrowe@apache.org,bojan@rexursive.com
jwoolley@apache.org,bojan@rexursive.com
apache_bugzilla@ml.daiba.cx,wrowe@apache.org
bojan@rexursive.com,apache_bugzilla@ml.daiba.cx
jorton@redhat.com,jwoolley@apache.org
nd@perlig.de,erik@codefaktor.de
jwoolley@apache.org,manniwood@planet-save.com
apache_bugzilla@ml.daiba.cx,erik@codefaktor.de
jorton@redhat.com,rich@annexia.org
rich@annexia.org,manniwood@planet-save.com
jorton@redhat.com,bojan@rexursive.com
jim@apache.org,manniwood@planet-save.com
nd@perlig.de,jim@apache.org
nd@perlig.de,srevilak@g88.net
jim@apache.org,srevilak@g88.net
erik@codefaktor.de,apache_bugzilla@ml.daiba.cx
jorton@redhat.com,srevilak@g88.net
jwoolley@apache.org,jim@apache.org
rich@annexia.org,wrowe@apache.org
wrowe@apache.org,apache_bugzilla@ml.daiba.cx
jwoolley@apache.org,wrowe@apache.org
jorton@redhat.com,nd@perlig.de
erik@codefaktor.de,jwoolley@apache.org
jim@apache.org,bojan@rexursive.com
jorton@redhat.com,jim@apache.org
jwoolley@apache.org,erik@codefaktor.de
srevilak@g88.net,bojan@rexursive.com
apache_bugzilla@ml.daiba.cx,jwoolley@apache.org
rich@annexia.org,erik@codefaktor.de
manniwood@planet-save.com,bojan@rexursive.com
rich@annexia.org,jim@apache.org
manniwood@planet-save.com,erik@codefaktor.de
srevilak@g88.net,jwoolley@apache.org
jwoolley@apache.org,srevilak@g88.net
manniwood@planet-save.com,jim@apache.org
jim@apache.org,apache_bugzilla@ml.daiba.cx
jorton@redhat.com,wrowe@apache.org
srevilak@g88.net,apache_bugzilla@ml.daiba.cx
jorton@redhat.com,erik@codefaktor.de
erik@codefaktor.de,wrowe@apache.org
manniwood@planet-save.com,wrowe@apache.org
jim@apache.org,jwoolley@apache.org
apache_bugzilla@ml.daiba.cx,bojan@rexursive.com
rich@annexia.org,bojan@rexursive.com
jorton@redhat.com,manniwood@planet-save.com
jwoolley@apache.org,apache_bugzilla@ml.daiba.cx
bojan@rexursive.com,jwoolley@apache.org
rich@annexia.org,apache_bugzilla@ml.daiba.cx
wrowe@apache.org,jwoolley@apache.org
erik@codefaktor.de,bojan@rexursive.com
jim@apache.org,erik@codefaktor.de
manniwood@planet-save.com,jwoolley@apache.org
wrowe@apache.org,manniwood@planet-save.com
wrowe@apache.org,erik@codefaktor.de
nd@perlig.de,manniwood@planet-save.com
apache_bugzilla@ml.daiba.cx,srevilak@g88.net
apache_bugzilla@ml.daiba.cx,manniwood@planet-save.com
