rstrahl@west-wind.com,luckow@eldeo.de
jt@mousehut.com,nick@webthing.com
matt@iamcode.net,luckow@eldeo.de
matt@iamcode.net,rstrahl@west-wind.com
matt@iamcode.net,jt@mousehut.com
rstrahl@west-wind.com,jt@mousehut.com
wrowe@apache.org,jt@mousehut.com
wrowe@apache.org,nick@webthing.com
luckow@eldeo.de,nick@webthing.com
matt@iamcode.net,wrowe@apache.org
jt@mousehut.com,luckow@eldeo.de
wrowe@apache.org,luckow@eldeo.de
wrowe@apache.org,rstrahl@west-wind.com
rstrahl@west-wind.com,nick@webthing.com
wrowe@apache.org,matt@iamcode.net
matt@iamcode.net,nick@webthing.com
nick@webthing.com,luckow@eldeo.de
