poirier@pobox.com,wrowe@apache.org
poirier@pobox.com,chip@force-elite.com
coad@measurement-factory.com,chip@force-elite.com
minfrin@sharp.fm,poirier@pobox.com
poirier@pobox.com,phil.pickett@springsource.com
phil.pickett@springsource.com,wrowe@apache.org
minfrin@sharp.fm,phil.pickett@springsource.com
poirier@pobox.com,coad@measurement-factory.com
minfrin@sharp.fm,chip@force-elite.com
chip@force-elite.com,coad@measurement-factory.com
phil.pickett@springsource.com,chip@force-elite.com
wrowe@apache.org,chip@force-elite.com
wrowe@apache.org,coad@measurement-factory.com
phil.pickett@springsource.com,poirier@pobox.com
minfrin@sharp.fm,coad@measurement-factory.com
minfrin@sharp.fm,wrowe@apache.org
phil.pickett@springsource.com,coad@measurement-factory.com
