rainer.jung@kippdata.de,haruyuki.kawabe@unisys.co.jp
lilas@evidian.com,haruyuki.kawabe@unisys.co.jp
pgollucci@apache.org,jorton@redhat.com
rainer.jung@kippdata.de,lilas@evidian.com
kesseler@cetrel.lu,jorton@redhat.com
al-bugzillaapache@none.at,lilas@evidian.com
jfclere@gmail.com,haruyuki.kawabe@unisys.co.jp
rainer.jung@kippdata.de,jfclere@gmail.com
jorton@redhat.com,minfrin@sharp.fm
pgollucci@apache.org,testsk@web.de
jfclere@gmail.com,minfrin@sharp.fm
jorton@redhat.com,lilas@evidian.com
lilas@evidian.com,al-bugzillaapache@none.at
kesseler@cetrel.lu,minfrin@sharp.fm
kesseler@cetrel.lu,al-bugzillaapache@none.at
lilas@evidian.com,minfrin@sharp.fm
rainer.jung@kippdata.de,pgollucci@apache.org
pgollucci@apache.org,kesseler@cetrel.lu
testsk@web.de,lilas@evidian.com
pgollucci@apache.org,al-bugzillaapache@none.at
pgollucci@apache.org,jfclere@gmail.com
rainer.jung@kippdata.de,jorton@redhat.com
kesseler@cetrel.lu,lilas@evidian.com
al-bugzillaapache@none.at,jorton@redhat.com
testsk@web.de,al-bugzillaapache@none.at
pgollucci@apache.org,minfrin@sharp.fm
rainer.jung@kippdata.de,testsk@web.de
rainer.jung@kippdata.de,al-bugzillaapache@none.at
lilas@evidian.com,pgollucci@apache.org
testsk@web.de,minfrin@sharp.fm
al-bugzillaapache@none.at,haruyuki.kawabe@unisys.co.jp
testsk@web.de,jorton@redhat.com
lilas@evidian.com,testsk@web.de
lilas@evidian.com,kesseler@cetrel.lu
testsk@web.de,haruyuki.kawabe@unisys.co.jp
jorton@redhat.com,haruyuki.kawabe@unisys.co.jp
rainer.jung@kippdata.de,kesseler@cetrel.lu
jfclere@gmail.com,lilas@evidian.com
lilas@evidian.com,jorton@redhat.com
jfclere@gmail.com,al-bugzillaapache@none.at
pgollucci@apache.org,lilas@evidian.com
kesseler@cetrel.lu,haruyuki.kawabe@unisys.co.jp
kesseler@cetrel.lu,jfclere@gmail.com
pgollucci@apache.org,haruyuki.kawabe@unisys.co.jp
minfrin@sharp.fm,lilas@evidian.com
al-bugzillaapache@none.at,minfrin@sharp.fm
minfrin@sharp.fm,haruyuki.kawabe@unisys.co.jp
jfclere@gmail.com,jorton@redhat.com
rainer.jung@kippdata.de,minfrin@sharp.fm
lilas@evidian.com,jfclere@gmail.com
testsk@web.de,kesseler@cetrel.lu
testsk@web.de,jfclere@gmail.com
