rpluem@apache.org,nick.stielau@gmail.com
bobsiegen@googlemail.com,rpluem@apache.org
nick.stielau@gmail.com,bobsiegen@googlemail.com
takashi.asfbugzilla@tks.st,bobsiegen@googlemail.com
bobsiegen@googlemail.com,takezo@gmail.com
rpluem@apache.org,cwang@kenwoodusa.com
takashi.asfbugzilla@tks.st,cwang@kenwoodusa.com
nick.stielau@gmail.com,cwang@kenwoodusa.com
nick.stielau@gmail.com,takezo@gmail.com
takashi.asfbugzilla@tks.st,rpluem@apache.org
rpluem@apache.org,takashi.asfbugzilla@tks.st
takezo@gmail.com,cwang@kenwoodusa.com
rpluem@apache.org,bobsiegen@googlemail.com
takashi.asfbugzilla@tks.st,takezo@gmail.com
takezo@gmail.com,rpluem@apache.org
rpluem@apache.org,takezo@gmail.com
nick.stielau@gmail.com,takashi.asfbugzilla@tks.st
nick.stielau@gmail.com,rpluem@apache.org
bobsiegen@googlemail.com,cwang@kenwoodusa.com
