bugzilla@simguy.net,apache.org@veggiechinese.net
msulliva@odu.edu,trawick@apache.org
jorton@redhat.com,bugzilla@simguy.net
msulliva@odu.edu,sussman@red-bean.com
trawick@apache.org,sussman@red-bean.com
msulliva@odu.edu,apache.org@veggiechinese.net
apache.org@veggiechinese.net,bugzilla@simguy.net
jorton@redhat.com,apache.org@veggiechinese.net
jorton@redhat.com,trawick@apache.org
trawick@apache.org,jorton@redhat.com
trawick@apache.org,apache.org@veggiechinese.net
msulliva@odu.edu,bugzilla@simguy.net
bugzilla@simguy.net,jorton@redhat.com
bugzilla@simguy.net,trawick@apache.org
jorton@redhat.com,sussman@red-bean.com
apache.org@veggiechinese.net,jorton@redhat.com
msulliva@odu.edu,jorton@redhat.com
jorton@redhat.com,msulliva@odu.edu
apache.org@veggiechinese.net,sussman@red-bean.com
bugzilla@simguy.net,sussman@red-bean.com
trawick@apache.org,bugzilla@simguy.net
