nd@perlig.de,slive@apache.org
info@orangexl.com,slive@apache.org
slive@apache.org,psychosos@gmx.at
davi@apache.org,psychosos@gmx.at
psychosos@gmx.at,nd@perlig.de
nick@webthing.com,nd@perlig.de
erik@codefaktor.de,nd@perlig.de
fielding@apache.org,sbwoodside@yahoo.com
dan@tobias.name,ian@hixie.ch
kaldari@monsterlabs.com,info@orangexl.com
takashi.asfbugzilla@tks.st,info@orangexl.com
nick@webthing.com,kaldari@monsterlabs.com
julian@mehnle.net,takashi.asfbugzilla@tks.st
davi@apache.org,dan@tobias.name
julian.reschke@gmx.de,dan@tobias.name
slive@apache.org,bzbarsky@mit.edu
sbwoodside@yahoo.com,steve.chapel@a2pg.com
bzbarsky@mit.edu,nd@perlig.de
julian.reschke@gmx.de,philringnalda@gmail.com
dan@tobias.name,psychosos@gmx.at
sbwoodside@yahoo.com,nd@perlig.de
kaldari@monsterlabs.com,bbaetz@student.usyd.edu.au
julian@mehnle.net,bzbarsky@mit.edu
julian@mehnle.net,nick@webthing.com
julian.reschke@gmx.de,erik@codefaktor.de
sbwoodside@yahoo.com,davi@apache.org
takashi.asfbugzilla@tks.st,davi@apache.org
julian@mehnle.net,psychosos@gmx.at
nd@perlig.de,bbaetz@student.usyd.edu.au
bbaetz@student.usyd.edu.au,dan@tobias.name
takashi.asfbugzilla@tks.st,erik@codefaktor.de
kaldari@monsterlabs.com,nd@perlig.de
takashi.asfbugzilla@tks.st,fielding@apache.org
julian.reschke@gmx.de,nd@perlig.de
takashi.asfbugzilla@tks.st,sbwoodside@yahoo.com
kaldari@monsterlabs.com,dan@tobias.name
julian@mehnle.net,bbaetz@student.usyd.edu.au
steve.chapel@a2pg.com,nd@perlig.de
philringnalda@gmail.com,info@orangexl.com
steve.chapel@a2pg.com,julian.reschke@gmx.de
steve.chapel@a2pg.com,fantasai@escape.com
nd@perlig.de,bzbarsky@mit.edu
info@orangexl.com,bzbarsky@mit.edu
davi@apache.org,bbaetz@student.usyd.edu.au
erik@codefaktor.de,dan@tobias.name
erik@codefaktor.de,info@orangexl.com
steve.chapel@a2pg.com,kaldari@monsterlabs.com
sbwoodside@yahoo.com,philringnalda@gmail.com
kaldari@monsterlabs.com,sbwoodside@yahoo.com
steve.chapel@a2pg.com,davi@apache.org
erik@codefaktor.de,bzbarsky@mit.edu
julian@mehnle.net,fantasai@escape.com
bzbarsky@mit.edu,slive@apache.org
fielding@apache.org,kaldari@monsterlabs.com
davi@apache.org,ian@hixie.ch
julian.reschke@gmx.de,julian@mehnle.net
info@orangexl.com,kaldari@monsterlabs.com
sbwoodside@yahoo.com,fantasai@escape.com
nd@perlig.de,erik@codefaktor.de
ian@hixie.ch,psychosos@gmx.at
erik@codefaktor.de,fantasai@escape.com
sbwoodside@yahoo.com,erik@codefaktor.de
bzbarsky@mit.edu,psychosos@gmx.at
info@orangexl.com,nd@perlig.de
erik@codefaktor.de,sbwoodside@yahoo.com
nick@webthing.com,julian.reschke@gmx.de
fielding@apache.org,philringnalda@gmail.com
ian@hixie.ch,nd@perlig.de
takashi.asfbugzilla@tks.st,fantasai@escape.com
sbwoodside@yahoo.com,info@orangexl.com
fielding@apache.org,julian@mehnle.net
nick@webthing.com,takashi.asfbugzilla@tks.st
julian@mehnle.net,kaldari@monsterlabs.com
sbwoodside@yahoo.com,bzbarsky@mit.edu
bbaetz@student.usyd.edu.au,nd@perlig.de
julian.reschke@gmx.de,fantasai@escape.com
sbwoodside@yahoo.com,julian.reschke@gmx.de
info@orangexl.com,bbaetz@student.usyd.edu.au
philringnalda@gmail.com,nd@perlig.de
nd@perlig.de,info@orangexl.com
kaldari@monsterlabs.com,fantasai@escape.com
philringnalda@gmail.com,erik@codefaktor.de
steve.chapel@a2pg.com,fielding@apache.org
julian.reschke@gmx.de,davi@apache.org
info@orangexl.com,fantasai@escape.com
steve.chapel@a2pg.com,philringnalda@gmail.com
psychosos@gmx.at,kaldari@monsterlabs.com
takashi.asfbugzilla@tks.st,dan@tobias.name
nick@webthing.com,fielding@apache.org
dan@tobias.name,fantasai@escape.com
nick@webthing.com,davi@apache.org
sbwoodside@yahoo.com,slive@apache.org
julian.reschke@gmx.de,kaldari@monsterlabs.com
bbaetz@student.usyd.edu.au,bzbarsky@mit.edu
psychosos@gmx.at,info@orangexl.com
info@orangexl.com,erik@codefaktor.de
fielding@apache.org,dan@tobias.name
julian@mehnle.net,davi@apache.org
nd@perlig.de,sbwoodside@yahoo.com
ian@hixie.ch,sbwoodside@yahoo.com
philringnalda@gmail.com,sbwoodside@yahoo.com
dan@tobias.name,bbaetz@student.usyd.edu.au
philringnalda@gmail.com,davi@apache.org
julian@mehnle.net,fielding@apache.org
psychosos@gmx.at,sbwoodside@yahoo.com
philringnalda@gmail.com,dan@tobias.name
slive@apache.org,kaldari@monsterlabs.com
davi@apache.org,kaldari@monsterlabs.com
info@orangexl.com,psychosos@gmx.at
fielding@apache.org,psychosos@gmx.at
nd@perlig.de,ian@hixie.ch
takashi.asfbugzilla@tks.st,ian@hixie.ch
slive@apache.org,nd@perlig.de
psychosos@gmx.at,bzbarsky@mit.edu
ian@hixie.ch,kaldari@monsterlabs.com
fielding@apache.org,erik@codefaktor.de
steve.chapel@a2pg.com,psychosos@gmx.at
ian@hixie.ch,bbaetz@student.usyd.edu.au
sbwoodside@yahoo.com,nick@webthing.com
bzbarsky@mit.edu,bbaetz@student.usyd.edu.au
kaldari@monsterlabs.com,bzbarsky@mit.edu
psychosos@gmx.at,slive@apache.org
erik@codefaktor.de,psychosos@gmx.at
philringnalda@gmail.com,fielding@apache.org
info@orangexl.com,sbwoodside@yahoo.com
bbaetz@student.usyd.edu.au,info@orangexl.com
davi@apache.org,info@orangexl.com
nick@webthing.com,info@orangexl.com
slive@apache.org,erik@codefaktor.de
fielding@apache.org,ian@hixie.ch
bzbarsky@mit.edu,erik@codefaktor.de
nd@perlig.de,psychosos@gmx.at
davi@apache.org,slive@apache.org
steve.chapel@a2pg.com,info@orangexl.com
davi@apache.org,nd@perlig.de
davi@apache.org,bzbarsky@mit.edu
julian@mehnle.net,dan@tobias.name
philringnalda@gmail.com,nick@webthing.com
erik@codefaktor.de,ian@hixie.ch
sbwoodside@yahoo.com,kaldari@monsterlabs.com
nick@webthing.com,ian@hixie.ch
julian.reschke@gmx.de,nick@webthing.com
psychosos@gmx.at,ian@hixie.ch
fielding@apache.org,nick@webthing.com
nick@webthing.com,steve.chapel@a2pg.com
psychosos@gmx.at,fantasai@escape.com
nick@webthing.com,bbaetz@student.usyd.edu.au
davi@apache.org,erik@codefaktor.de
julian.reschke@gmx.de,fielding@apache.org
philringnalda@gmail.com,kaldari@monsterlabs.com
julian.reschke@gmx.de,slive@apache.org
steve.chapel@a2pg.com,bbaetz@student.usyd.edu.au
kaldari@monsterlabs.com,slive@apache.org
nick@webthing.com,fantasai@escape.com
dan@tobias.name,nd@perlig.de
sbwoodside@yahoo.com,ian@hixie.ch
philringnalda@gmail.com,julian@mehnle.net
bzbarsky@mit.edu,ian@hixie.ch
nick@webthing.com,philringnalda@gmail.com
davi@apache.org,sbwoodside@yahoo.com
philringnalda@gmail.com,takashi.asfbugzilla@tks.st
nd@perlig.de,dan@tobias.name
steve.chapel@a2pg.com,dan@tobias.name
bbaetz@student.usyd.edu.au,slive@apache.org
takashi.asfbugzilla@tks.st,kaldari@monsterlabs.com
nick@webthing.com,dan@tobias.name
bbaetz@student.usyd.edu.au,fantasai@escape.com
fielding@apache.org,davi@apache.org
kaldari@monsterlabs.com,ian@hixie.ch
julian.reschke@gmx.de,bbaetz@student.usyd.edu.au
steve.chapel@a2pg.com,nick@webthing.com
erik@codefaktor.de,kaldari@monsterlabs.com
fielding@apache.org,julian.reschke@gmx.de
dan@tobias.name,kaldari@monsterlabs.com
bzbarsky@mit.edu,davi@apache.org
julian.reschke@gmx.de,ian@hixie.ch
philringnalda@gmail.com,fantasai@escape.com
nick@webthing.com,sbwoodside@yahoo.com
fielding@apache.org,bzbarsky@mit.edu
philringnalda@gmail.com,ian@hixie.ch
sbwoodside@yahoo.com,dan@tobias.name
psychosos@gmx.at,bbaetz@student.usyd.edu.au
davi@apache.org,fantasai@escape.com
bzbarsky@mit.edu,dan@tobias.name
ian@hixie.ch,dan@tobias.name
erik@codefaktor.de,slive@apache.org
takashi.asfbugzilla@tks.st,psychosos@gmx.at
steve.chapel@a2pg.com,julian@mehnle.net
slive@apache.org,ian@hixie.ch
info@orangexl.com,dan@tobias.name
psychosos@gmx.at,erik@codefaktor.de
philringnalda@gmail.com,psychosos@gmx.at
dan@tobias.name,erik@codefaktor.de
bzbarsky@mit.edu,info@orangexl.com
takashi.asfbugzilla@tks.st,bbaetz@student.usyd.edu.au
julian.reschke@gmx.de,sbwoodside@yahoo.com
steve.chapel@a2pg.com,slive@apache.org
steve.chapel@a2pg.com,bzbarsky@mit.edu
steve.chapel@a2pg.com,takashi.asfbugzilla@tks.st
bzbarsky@mit.edu,sbwoodside@yahoo.com
fielding@apache.org,info@orangexl.com
bbaetz@student.usyd.edu.au,sbwoodside@yahoo.com
erik@codefaktor.de,bbaetz@student.usyd.edu.au
sbwoodside@yahoo.com,takashi.asfbugzilla@tks.st
julian@mehnle.net,ian@hixie.ch
psychosos@gmx.at,dan@tobias.name
takashi.asfbugzilla@tks.st,nick@webthing.com
slive@apache.org,info@orangexl.com
sbwoodside@yahoo.com,fielding@apache.org
dan@tobias.name,slive@apache.org
nick@webthing.com,julian@mehnle.net
julian.reschke@gmx.de,info@orangexl.com
info@orangexl.com,ian@hixie.ch
fielding@apache.org,nd@perlig.de
fielding@apache.org,slive@apache.org
julian@mehnle.net,nd@perlig.de
steve.chapel@a2pg.com,erik@codefaktor.de
ian@hixie.ch,fantasai@escape.com
julian.reschke@gmx.de,psychosos@gmx.at
fielding@apache.org,bbaetz@student.usyd.edu.au
fielding@apache.org,fantasai@escape.com
julian.reschke@gmx.de,takashi.asfbugzilla@tks.st
nd@perlig.de,fantasai@escape.com
ian@hixie.ch,erik@codefaktor.de
takashi.asfbugzilla@tks.st,nd@perlig.de
nick@webthing.com,slive@apache.org
julian@mehnle.net,slive@apache.org
slive@apache.org,bbaetz@student.usyd.edu.au
bbaetz@student.usyd.edu.au,ian@hixie.ch
nick@webthing.com,bzbarsky@mit.edu
nick@webthing.com,psychosos@gmx.at
sbwoodside@yahoo.com,psychosos@gmx.at
slive@apache.org,davi@apache.org
fielding@apache.org,takashi.asfbugzilla@tks.st
ian@hixie.ch,info@orangexl.com
steve.chapel@a2pg.com,ian@hixie.ch
steve.chapel@a2pg.com,sbwoodside@yahoo.com
nd@perlig.de,kaldari@monsterlabs.com
sbwoodside@yahoo.com,julian@mehnle.net
julian@mehnle.net,sbwoodside@yahoo.com
julian@mehnle.net,info@orangexl.com
dan@tobias.name,bzbarsky@mit.edu
slive@apache.org,dan@tobias.name
julian@mehnle.net,erik@codefaktor.de
fielding@apache.org,steve.chapel@a2pg.com
julian.reschke@gmx.de,bzbarsky@mit.edu
nick@webthing.com,erik@codefaktor.de
philringnalda@gmail.com,bbaetz@student.usyd.edu.au
bzbarsky@mit.edu,kaldari@monsterlabs.com
dan@tobias.name,info@orangexl.com
philringnalda@gmail.com,slive@apache.org
takashi.asfbugzilla@tks.st,slive@apache.org
bzbarsky@mit.edu,fantasai@escape.com
takashi.asfbugzilla@tks.st,bzbarsky@mit.edu
slive@apache.org,fantasai@escape.com
slive@apache.org,sbwoodside@yahoo.com
philringnalda@gmail.com,bzbarsky@mit.edu
sbwoodside@yahoo.com,bbaetz@student.usyd.edu.au
ian@hixie.ch,slive@apache.org
ian@hixie.ch,bzbarsky@mit.edu
dan@tobias.name,sbwoodside@yahoo.com
