nick@webthing.com,nd@perlig.de
rpluem@apache.org,nick@webthing.com
jessh@ptc.com,nick@webthing.com
mike_bos@mail.com,john@objectivelogic.com
john@objectivelogic.com,nick@webthing.com
rpluem@apache.org,jessh@ptc.com
nick@webthing.com,john@objectivelogic.com
rpluem@apache.org,john@objectivelogic.com
mike_bos@mail.com,nick@webthing.com
jessh@ptc.com,mike_bos@mail.com
nd@perlig.de,nick@webthing.com
jessh@ptc.com,nd@perlig.de
jessh@ptc.com,john@objectivelogic.com
nick@webthing.com,mike_bos@mail.com
rpluem@apache.org,nd@perlig.de
nd@perlig.de,mike_bos@mail.com
nd@perlig.de,john@objectivelogic.com
john@objectivelogic.com,mike_bos@mail.com
john@objectivelogic.com,nd@perlig.de
rpluem@apache.org,mike_bos@mail.com
mike_bos@mail.com,nd@perlig.de
