chip@force-elite.com,william.barker@wilshire.com
chip@force-elite.com,jorton@redhat.com
rpluem@apache.org,wrowe@apache.org
william.barker@wilshire.com,jorton@redhat.com
jorton@redhat.com,william.barker@wilshire.com
rpluem@apache.org,william.barker@wilshire.com
wrowe@apache.org,jorton@redhat.com
chip@force-elite.com,rpluem@apache.org
wrowe@apache.org,chip@force-elite.com
wrowe@apache.org,rpluem@apache.org
william.barker@wilshire.com,rpluem@apache.org
rpluem@apache.org,jorton@redhat.com
william.barker@wilshire.com,chip@force-elite.com
william.barker@wilshire.com,wrowe@apache.org
wrowe@apache.org,william.barker@wilshire.com
rpluem@apache.org,chip@force-elite.com
jorton@redhat.com,rpluem@apache.org
