wrowe@apache.org,rainer.jung@kippdata.de
asfbugz@velox.ch,chip@force-elite.com
rainer.jung@kippdata.de,yusufg@gmail.com
rainer.jung@kippdata.de,jorton@redhat.com
wrowe@apache.org,steve@openssl.org
diego@caravana.to,jorton@redhat.com
steve@openssl.org,asfbugz@velox.ch
steve@openssl.org,wrowe@apache.org
eflash@gmx.net,wrowe@apache.org
asfbugz@velox.ch,wrowe@apache.org
asfbugz@velox.ch,diego@caravana.to
eflash@gmx.net,asfbugz@velox.ch
asfbugz@velox.ch,steve@openssl.org
yusufg@gmail.com,chip@force-elite.com
diego@caravana.to,steve@openssl.org
yusufg@gmail.com,jorton@redhat.com
jorton@redhat.com,chip@force-elite.com
eflash@gmx.net,jorton@redhat.com
wrowe@apache.org,eflash@gmx.net
asfbugz@velox.ch,rainer.jung@kippdata.de
asfbugz@velox.ch,jorton@redhat.com
diego@caravana.to,wrowe@apache.org
steve@openssl.org,jorton@redhat.com
rainer.jung@kippdata.de,asfbugz@velox.ch
wrowe@apache.org,jorton@redhat.com
wrowe@apache.org,asfbugz@velox.ch
eflash@gmx.net,chip@force-elite.com
eflash@gmx.net,yusufg@gmail.com
wrowe@apache.org,chip@force-elite.com
diego@caravana.to,yusufg@gmail.com
rainer.jung@kippdata.de,wrowe@apache.org
steve@openssl.org,rainer.jung@kippdata.de
asfbugz@velox.ch,yusufg@gmail.com
asfbugz@velox.ch,eflash@gmx.net
rainer.jung@kippdata.de,chip@force-elite.com
steve@openssl.org,yusufg@gmail.com
diego@caravana.to,rainer.jung@kippdata.de
diego@caravana.to,asfbugz@velox.ch
yusufg@gmail.com,asfbugz@velox.ch
diego@caravana.to,chip@force-elite.com
eflash@gmx.net,steve@openssl.org
eflash@gmx.net,rainer.jung@kippdata.de
yusufg@gmail.com,wrowe@apache.org
wrowe@apache.org,yusufg@gmail.com
steve@openssl.org,chip@force-elite.com
rainer.jung@kippdata.de,steve@openssl.org
diego@caravana.to,eflash@gmx.net
