basant.kukreja@sun.com,jorton@redhat.com
rpluem@apache.org,wrowe@apache.org
nick@webthing.com,basant.kukreja@sun.com
hartmut.keil@gmx.ch,jorton@redhat.com
basant.kukreja@sun.com,wrowe@apache.org
wrowe@apache.org,basant.kukreja@sun.com
basant.kukreja@sun.com,hartmut.keil@gmx.ch
rpluem@apache.org,nick@webthing.com
rpluem@apache.org,basant.kukreja@sun.com
wrowe@apache.org,jorton@redhat.com
nick@webthing.com,hartmut.keil@gmx.ch
wrowe@apache.org,hartmut.keil@gmx.ch
nick@webthing.com,wrowe@apache.org
rpluem@apache.org,jorton@redhat.com
nick@webthing.com,jorton@redhat.com
rpluem@apache.org,hartmut.keil@gmx.ch
jorton@redhat.com,hartmut.keil@gmx.ch
