sfletcher@abcoa.com,rpluem@apache.org
sfletcher@abcoa.com,scott@abcoa.com
scott@abcoa.com,masaoki@techfirm.co.jp
jorton@redhat.com,scott@abcoa.com
scott@abcoa.com,sfletcher@abcoa.com
masaoki@techfirm.co.jp,jorton@redhat.com
scott@abcoa.com,jorton@redhat.com
masaoki@techfirm.co.jp,sfletcher@abcoa.com
scott@abcoa.com,rpluem@apache.org
jorton@redhat.com,masaoki@techfirm.co.jp
masaoki@techfirm.co.jp,scott@abcoa.com
masaoki@techfirm.co.jp,rpluem@apache.org
rpluem@apache.org,jorton@redhat.com
sfletcher@abcoa.com,masaoki@techfirm.co.jp
rpluem@apache.org,scott@abcoa.com
jorton@redhat.com,sfletcher@abcoa.com
sfletcher@abcoa.com,jorton@redhat.com
jorton@redhat.com,rpluem@apache.org
