rsushma@novell.com,rederpj@remulak.net
coad@measurement-factory.com,rsushma@novell.com
trawick@apache.org,rederpj@remulak.net
rederpj@remulak.net,coad@measurement-factory.com
trawick@apache.org,coad@measurement-factory.com
minfrin@sharp.fm,rsushma@novell.com
minfrin@sharp.fm,trawick@apache.org
trawick@apache.org,rsushma@novell.com
coad@measurement-factory.com,rederpj@remulak.net
rsushma@novell.com,coad@measurement-factory.com
coad@measurement-factory.com,trawick@apache.org
minfrin@sharp.fm,rederpj@remulak.net
minfrin@sharp.fm,coad@measurement-factory.com
