rsushma@novell.com,rederpj@remulak.net
jerenkrantz@apache.org,rederpj@remulak.net
coad@measurement-factory.com,rsushma@novell.com
trawick@apache.org,rederpj@remulak.net
rederpj@remulak.net,coad@measurement-factory.com
jerenkrantz@apache.org,rsushma@novell.com
trawick@apache.org,coad@measurement-factory.com
rederpj@remulak.net,rsushma@novell.com
trawick@apache.org,rsushma@novell.com
coad@measurement-factory.com,rederpj@remulak.net
jerenkrantz@apache.org,trawick@apache.org
rsushma@novell.com,coad@measurement-factory.com
jerenkrantz@apache.org,coad@measurement-factory.com
