jorton@redhat.com,rich@richsawin.com
clnospam2@laposte.net,alex@varju.ca
wrowe@apache.org,tom.donovan@acm.org
rich@richsawin.com,jerod@actions.com
webmaster@palmclub.nl,mwhitlock@whitsoftdev.com
bryson@osn.state.oh.us,alex@varju.ca
bryson@osn.state.oh.us,mwhitlock@whitsoftdev.com
tom.donovan@acm.org,jerod@actions.com
mwhitlock@whitsoftdev.com,clnospam2@laposte.net
wrowe@apache.org,rich@richsawin.com
clnospam2@laposte.net,jerod@actions.com
clnospam2@laposte.net,wrowe@apache.org
webmaster@palmclub.nl,alex@varju.ca
sambukkaa@hotmail.com,webmaster@palmclub.nl
tom.donovan@acm.org,clnospam2@laposte.net
mwhitlock@whitsoftdev.com,rich@richsawin.com
wrowe@apache.org,mwhitlock@whitsoftdev.com
tom.donovan@acm.org,alex@varju.ca
bryson@osn.state.oh.us,i.t@ithum.de
tom.donovan@acm.org,sambukkaa@hotmail.com
alex@varju.ca,wrowe@apache.org
sambukkaa@hotmail.com,jerod@actions.com
wrowe@apache.org,jorton@redhat.com
mwhitlock@whitsoftdev.com,wrowe@apache.org
sambukkaa@hotmail.com,mwhitlock@whitsoftdev.com
wrowe@apache.org,i.t@ithum.de
tom.donovan@acm.org,mwhitlock@whitsoftdev.com
wrowe@apache.org,clnospam2@laposte.net
rich@richsawin.com,wrowe@apache.org
webmaster@palmclub.nl,wrowe@apache.org
tom.donovan@acm.org,rich@richsawin.com
sambukkaa@hotmail.com,i.t@ithum.de
tom.donovan@acm.org,wrowe@apache.org
bryson@osn.state.oh.us,webmaster@palmclub.nl
wrowe@apache.org,sambukkaa@hotmail.com
alex@varju.ca,i.t@ithum.de
jorton@redhat.com,clnospam2@laposte.net
bryson@osn.state.oh.us,jerod@actions.com
i.t@ithum.de,jerod@actions.com
tom.donovan@acm.org,jorton@redhat.com
webmaster@palmclub.nl,clnospam2@laposte.net
tom.donovan@acm.org,webmaster@palmclub.nl
jorton@redhat.com,jerod@actions.com
webmaster@palmclub.nl,i.t@ithum.de
i.t@ithum.de,wrowe@apache.org
jorton@redhat.com,wrowe@apache.org
webmaster@palmclub.nl,jerod@actions.com
tom.donovan@acm.org,i.t@ithum.de
mwhitlock@whitsoftdev.com,jorton@redhat.com
webmaster@palmclub.nl,rich@richsawin.com
sambukkaa@hotmail.com,rich@richsawin.com
sambukkaa@hotmail.com,clnospam2@laposte.net
rich@richsawin.com,i.t@ithum.de
clnospam2@laposte.net,i.t@ithum.de
sambukkaa@hotmail.com,alex@varju.ca
mwhitlock@whitsoftdev.com,jerod@actions.com
alex@varju.ca,jerod@actions.com
jorton@redhat.com,alex@varju.ca
sambukkaa@hotmail.com,wrowe@apache.org
mwhitlock@whitsoftdev.com,i.t@ithum.de
mwhitlock@whitsoftdev.com,alex@varju.ca
wrowe@apache.org,jerod@actions.com
bryson@osn.state.oh.us,rich@richsawin.com
tom.donovan@acm.org,bryson@osn.state.oh.us
i.t@ithum.de,alex@varju.ca
bryson@osn.state.oh.us,jorton@redhat.com
wrowe@apache.org,alex@varju.ca
webmaster@palmclub.nl,jorton@redhat.com
sambukkaa@hotmail.com,bryson@osn.state.oh.us
wrowe@apache.org,bryson@osn.state.oh.us
bryson@osn.state.oh.us,clnospam2@laposte.net
bryson@osn.state.oh.us,wrowe@apache.org
alex@varju.ca,rich@richsawin.com
rich@richsawin.com,alex@varju.ca
jorton@redhat.com,i.t@ithum.de
wrowe@apache.org,webmaster@palmclub.nl
clnospam2@laposte.net,rich@richsawin.com
sambukkaa@hotmail.com,jorton@redhat.com
