wrowe@apache.org,covener@gmail.com
peter.hans.nilsson@volvo.com,wrowe@apache.org
covener@gmail.com,nick@webthing.com
covener@gmail.com,peter.hans.nilsson@volvo.com
peter.hans.nilsson@volvo.com,nick@webthing.com
klausrusch@atmedia.net,nick@webthing.com
wrowe@apache.org,klausrusch@atmedia.net
covener@gmail.com,klausrusch@atmedia.net
klausrusch@atmedia.net,wrowe@apache.org
nick@webthing.com,klausrusch@atmedia.net
wrowe@apache.org,nick@webthing.com
covener@gmail.com,wrowe@apache.org
peter.hans.nilsson@volvo.com,klausrusch@atmedia.net
wrowe@apache.org,peter.hans.nilsson@volvo.com
