madhum@hp.com,dblake@hp.com
madhum@hp.com,jwoolley@apache.org
nd@perlig.de,jwoolley@apache.org
nd@perlig.de,dblake@hp.com
ken.avery@hp.com,dblake@hp.com
jorton@redhat.com,dblake@hp.com
jorton@redhat.com,ken.avery@hp.com
jorton@redhat.com,jwoolley@apache.org
dblake@hp.com,ken.avery@hp.com
nd@perlig.de,ken.avery@hp.com
jorton@redhat.com,nd@perlig.de
ken.avery@hp.com,jorton@redhat.com
ken.avery@hp.com,jwoolley@apache.org
jwoolley@apache.org,dblake@hp.com
madhum@hp.com,jorton@redhat.com
madhum@hp.com,ken.avery@hp.com
nd@perlig.de,jorton@redhat.com
jwoolley@apache.org,ken.avery@hp.com
nd@perlig.de,madhum@hp.com
jorton@redhat.com,madhum@hp.com
