bnicholes@apache.org,jessh@ptc.com
minfrin@sharp.fm,jessh@ptc.com
minfrin@apache.org,bnicholes@apache.org
jorton@redhat.com,minfrin@sharp.fm
minfrin@sharp.fm,jorton@redhat.com
jessh@ptc.com,minfrin@apache.org
minfrin@apache.org,jessh@ptc.com
minfrin@apache.org,jorton@redhat.com
jessh@ptc.com,jorton@redhat.com
jessh@ptc.com,minfrin@sharp.fm
minfrin@apache.org,minfrin@sharp.fm
jorton@redhat.com,jessh@ptc.com
bnicholes@apache.org,minfrin@sharp.fm
bnicholes@apache.org,minfrin@apache.org
minfrin@sharp.fm,minfrin@apache.org
bnicholes@apache.org,jorton@redhat.com
