covener@gmail.com,dan.bolser@gmail.com
vericgar@gentoo.org,tometzky@batory.org.pl
apache-bugzilla@jessemccarthy.net,tometzky@batory.org.pl
apache-bugzilla@jessemccarthy.net,dan.bolser@gmail.com
frankc@cmss.ch,tometzky@batory.org.pl
covener@gmail.com,tometzky@batory.org.pl
humbedooh@apache.org,frankc@cmss.ch
covener@gmail.com,nd@perlig.de
frankc@cmss.ch,apache-bugzilla@jessemccarthy.net
humbedooh@apache.org,urkle@outoforder.cc
dan.bolser@gmail.com,nd@perlig.de
tometzky@batory.org.pl,nd@perlig.de
dan.bolser@gmail.com,vericgar@gentoo.org
humbedooh@apache.org,covener@gmail.com
dan.bolser@gmail.com,urkle@outoforder.cc
vericgar@gentoo.org,nd@perlig.de
frankc@cmss.ch,dan.bolser@gmail.com
apache-bugzilla@jessemccarthy.net,nd@perlig.de
humbedooh@apache.org,vericgar@gentoo.org
apache-bugzilla@jessemccarthy.net,vericgar@gentoo.org
humbedooh@apache.org,apache-bugzilla@jessemccarthy.net
frankc@cmss.ch,urkle@outoforder.cc
covener@gmail.com,vericgar@gentoo.org
apache-bugzilla@jessemccarthy.net,urkle@outoforder.cc
frankc@cmss.ch,nd@perlig.de
covener@gmail.com,urkle@outoforder.cc
frankc@cmss.ch,vericgar@gentoo.org
covener@gmail.com,frankc@cmss.ch
urkle@outoforder.cc,vericgar@gentoo.org
humbedooh@apache.org,tometzky@batory.org.pl
dan.bolser@gmail.com,tometzky@batory.org.pl
covener@gmail.com,apache-bugzilla@jessemccarthy.net
humbedooh@apache.org,dan.bolser@gmail.com
urkle@outoforder.cc,tometzky@batory.org.pl
humbedooh@apache.org,nd@perlig.de
urkle@outoforder.cc,nd@perlig.de
covener@gmail.com,humbedooh@apache.org
nd@perlig.de,tometzky@batory.org.pl
