christian.liesch@united-security-providers.ch,ragini.bisarya@gmail.com
ragini.bisarya@gmail.com,chetanreddy@gmail.com
christian.liesch@united-security-providers.ch,nick@webthing.com
rpluem@apache.org,christian.liesch@united-security-providers.ch
christian.liesch@united-security-providers.ch,chetanreddy@gmail.com
rpluem@apache.org,nick@webthing.com
christian.liesch@united-security-providers.ch,rpluem@apache.org
della@sun.com,rpluem@apache.org
rpluem@apache.org,della@sun.com
ragini.bisarya@gmail.com,nick@webthing.com
rpluem@apache.org,ragini.bisarya@gmail.com
della@sun.com,christian.liesch@united-security-providers.ch
della@sun.com,ragini.bisarya@gmail.com
della@sun.com,chetanreddy@gmail.com
chetanreddy@gmail.com,rpluem@apache.org
chetanreddy@gmail.com,nick@webthing.com
rpluem@apache.org,chetanreddy@gmail.com
nick@webthing.com,ragini.bisarya@gmail.com
nick@webthing.com,rpluem@apache.org
della@sun.com,nick@webthing.com
christian.liesch@united-security-providers.ch,della@sun.com
chetanreddy@gmail.com,ragini.bisarya@gmail.com
ragini.bisarya@gmail.com,rpluem@apache.org
nick@webthing.com,chetanreddy@gmail.com
