adah@sh163.net,duerst@w3.org
nick@webthing.com,adah@sh163.net
fielding@apache.org,dietmar_temme@web.de
duerst@w3.org,sebastiaan@kantoor.nederhost.nl
sebastiaan@kantoor.nederhost.nl,tex@i18nguy.com
fielding@apache.org,sebastiaan@kantoor.nederhost.nl
jorton@redhat.com,sebastiaan@kantoor.nederhost.nl
adah@sh163.net,slive@apache.org
duerst@w3.org,dietmar_temme@web.de
slive@apache.org,tex@i18nguy.com
sebastiaan@kantoor.nederhost.nl,adah@sh163.net
jorton@redhat.com,dietmar_temme@web.de
nick@webthing.com,dietmar_temme@web.de
nick@webthing.com,duerst@w3.org
adah@sh163.net,tex@i18nguy.com
tex@i18nguy.com,slive@apache.org
jorton@redhat.com,fielding@apache.org
fielding@apache.org,duerst@w3.org
fielding@apache.org,adah@sh163.net
duerst@w3.org,tex@i18nguy.com
jorton@redhat.com,adah@sh163.net
fielding@apache.org,nick@webthing.com
duerst@w3.org,adah@sh163.net
jorton@redhat.com,tex@i18nguy.com
adah@sh163.net,dietmar_temme@web.de
jorton@redhat.com,slive@apache.org
duerst@w3.org,slive@apache.org
dietmar_temme@web.de,tex@i18nguy.com
sebastiaan@kantoor.nederhost.nl,duerst@w3.org
duerst@w3.org,nick@webthing.com
dietmar_temme@web.de,slive@apache.org
nick@webthing.com,tex@i18nguy.com
sebastiaan@kantoor.nederhost.nl,dietmar_temme@web.de
jorton@redhat.com,nick@webthing.com
fielding@apache.org,slive@apache.org
jorton@redhat.com,duerst@w3.org
nick@webthing.com,slive@apache.org
dietmar_temme@web.de,duerst@w3.org
slive@apache.org,dietmar_temme@web.de
tex@i18nguy.com,duerst@w3.org
sebastiaan@kantoor.nederhost.nl,nick@webthing.com
fielding@apache.org,tex@i18nguy.com
slive@apache.org,duerst@w3.org
sebastiaan@kantoor.nederhost.nl,slive@apache.org
