tony@pc-tony.com,kleibl@centrum.sk
kleibl@centrum.sk,rederpj@remulak.net
kleibl@centrum.sk,tony@pc-tony.com
quel@quelrod.net,kleibl@centrum.sk
quel@quelrod.net,bnicholes@apache.org
quel@quelrod.net,rederpj@remulak.net
rederpj@remulak.net,kleibl@centrum.sk
rederpj@remulak.net,tony@pc-tony.com
bnicholes@apache.org,kleibl@centrum.sk
bnicholes@apache.org,tony@pc-tony.com
rederpj@remulak.net,bnicholes@apache.org
kleibl@centrum.sk,bnicholes@apache.org
rederpj@remulak.net,quel@quelrod.net
quel@quelrod.net,tony@pc-tony.com
