gstein@gmail.com,eurrow@sas.com
joe@manyfish.co.uk,slive@apache.org
joe@manyfish.co.uk,eurrow@sas.com
trawick@apache.org,slive@apache.org
trawick@apache.org,roland.betz@dlr.de
gstein@gmail.com,roland.betz@dlr.de
slive@apache.org,eurrow@sas.com
roland.betz@dlr.de,eurrow@sas.com
trawick@apache.org,eurrow@sas.com
trawick@apache.org,joe@manyfish.co.uk
roland.betz@dlr.de,slive@apache.org
gstein@gmail.com,slive@apache.org
gstein@gmail.com,joe@manyfish.co.uk
gstein@gmail.com,trawick@apache.org
joe@manyfish.co.uk,roland.betz@dlr.de
